duration,orig_bytes,resp_bytes,conn_state,history,label
3546.916740279709,553,57,S1,ShAdDaf,C&C
6.829279086800839,1235,1033,SF,ShADadfF,Normal
56.837438871471505,98753,42746,OTH,D,Malware
0.4963626224035938,889,0,S0,S,Mirai
0.10519180794791909,1102,0,S0,S,Mirai
77.26262568695954,67815,18666,OTH,D,Malware
0.06061701633155673,693,0,S0,S,Mirai
0.4073199676260817,707,0,S0,S,Mirai
0.017801626209563007,734,0,S0,S,Mirai
97.26104903356492,30893,37043,OTH,D,Malware
1545.8553845072315,600,356,S1,ShAdDaf,C&C
0.11794987659914238,974,0,S0,S,Mirai
0.49412438533056896,946,0,S0,S,Mirai
5.672392065305122,1251,14164,SF,ShADadfF,Normal
0.871260795796767,2898,1800,SF,ShADadfF,Normal
2518.188506729834,972,672,S1,ShAdDaf,C&C
1222.3286504449895,400,312,S1,ShAdDaf,C&C
2321.1999612915724,664,293,S1,ShAdDaf,C&C
6.978330016029121,22265,41203,OTH,D,Malware
6.196746478386425,373,6028,SF,ShADadfF,Normal
52.66866580351728,87772,4232,OTH,D,Malware
1.136379220657678,752,4745,SF,ShADadfF,Normal
0.37373364762447303,698,0,S0,S,Mirai
132.5449537213701,790,795,S1,ShAdDaf,C&C
5.762960256215619,1988,4402,SF,ShADadfF,Normal
89.62731147344417,29054,26231,OTH,D,Malware
2363.8173725762126,328,757,S1,ShAdDaf,C&C
3.9901624755497624,3731,13855,SF,ShADadfF,Normal
0.2917533689967289,674,0,S0,S,Mirai
3.296929765720051,106,4019,SF,ShADadfF,Normal
5.438918305612931,2116,3279,SF,ShADadfF,Normal
4.370028242646514,3499,16325,SF,ShADadfF,Normal
7.325161270075016,178,12965,SF,ShADadfF,Normal
0.010329463042909494,889,0,S0,S,Mirai
65.82943147778558,33521,19702,OTH,D,Malware
1256.4800435938405,932,436,S1,ShAdDaf,C&C
213.9657168463214,452,226,S1,ShAdDaf,C&C
0.29891822450904665,745,0,S0,S,Mirai
0.2734275834236726,713,0,S0,S,Mirai
3.1694590957208484,2577,4867,SF,ShADadfF,Normal
72.75423368166429,63679,6565,OTH,D,Malware
4.63935337091036,2210,797,SF,ShADadfF,Normal
2864.446428006437,499,290,S1,ShAdDaf,C&C
119.39091236579246,12361,35631,OTH,D,Malware
1474.043318818995,734,315,S1,ShAdDaf,C&C
13.375452044509096,96492,44479,OTH,D,Malware
32.51313530411561,91531,27641,OTH,D,Malware
2082.1543703027846,236,461,S1,ShAdDaf,C&C
149.09401964029024,57,999,S1,ShAdDaf,C&C
1.8524632247058561,1149,19559,SF,ShADadfF,Normal
0.46453688748232497,964,0,S0,S,Mirai
0.0553521162384869,1231,0,S0,S,Mirai
8.107997432215521,3852,6690,SF,ShADadfF,Normal
3.079627959599157,4347,13480,SF,ShADadfF,Normal
2056.7941972350445,392,918,S1,ShAdDaf,C&C
8.852050204242166,2859,15807,SF,ShADadfF,Normal
2131.9663141014466,840,504,S1,ShAdDaf,C&C
3.7958797908129207,4926,816,SF,ShADadfF,Normal
9.715059752625717,3708,16690,SF,ShADadfF,Normal
0.23748706737427103,1175,0,S0,S,Mirai
0.16806787520208447,874,0,S0,S,Mirai
0.0999419569317376,747,0,S0,S,Mirai
0.4607101513433901,1387,0,S0,S,Mirai
0.37774423559736026,1416,0,S0,S,Mirai
7.497931397727897,289,8713,SF,ShADadfF,Normal
80.10367008389672,34166,15061,OTH,D,Malware
7.114149557799665,558,18808,SF,ShADadfF,Normal
2545.6236840564443,915,106,S1,ShAdDaf,C&C
2812.621410662389,717,258,S1,ShAdDaf,C&C
7.200096613956157,4394,4493,SF,ShADadfF,Normal
3388.836267121817,638,803,S1,ShAdDaf,C&C
58.35854134336111,93140,42287,OTH,D,Malware
7.986629918667097,1007,13888,SF,ShADadfF,Normal
0.11638070417427393,1238,0,S0,S,Mirai
0.07673455887096307,891,0,S0,S,Mirai
0.03578553870064612,1454,0,S0,S,Mirai
43.14591428229364,42397,42716,OTH,D,Malware
47.12971655742906,62239,33137,OTH,D,Malware
1345.9880854008836,594,129,S1,ShAdDaf,C&C
86.66128725300155,11525,25009,OTH,D,Malware
27.251234864019665,92637,12568,OTH,D,Malware
1.416232835927595,1937,1436,SF,ShADadfF,Normal
0.33681677989197967,1402,0,S0,S,Mirai
821.0857702509275,958,743,S1,ShAdDaf,C&C
9.656314823424355,2025,1709,SF,ShADadfF,Normal
9.980590532171355,4098,15193,SF,ShADadfF,Normal
4.490837445296049,1579,18605,SF,ShADadfF,Normal
1143.8214232439102,609,165,S1,ShAdDaf,C&C
9.00279386031583,3006,559,SF,ShADadfF,Normal
0.09225663971166884,1031,0,S0,S,Mirai
0.05332981226267828,1135,0,S0,S,Mirai
81.15030621349851,78946,17891,OTH,D,Malware
0.23936821495139138,1331,0,S0,S,Mirai
2437.1793857049283,718,758,S1,ShAdDaf,C&C
4.005214242664188,857,16814,SF,ShADadfF,Normal
0.21394362275776307,570,0,S0,S,Mirai
2.2428324977735237,1516,10712,SF,ShADadfF,Normal
0.323218014257731,1061,0,S0,S,Mirai
8.127922721590624,59490,20946,OTH,D,Malware
29.260804408369577,35973,14708,OTH,D,Malware
5.63189699059367,1834,19660,SF,ShADadfF,Normal
0.11413039120930543,1145,0,S0,S,Mirai
42.854687499073236,85131,41497,OTH,D,Malware
0.3439413692690373,443,3416,SF,ShADadfF,Normal
3.8860887290056367,2291,3633,SF,ShADadfF,Normal
3.2755679549855232,1736,7654,SF,ShADadfF,Normal
68.76480026493468,56734,28586,OTH,D,Malware
0.2641459443819953,834,0,S0,S,Mirai
0.4017435483147954,502,0,S0,S,Mirai
8.270448673103433,4573,7144,SF,ShADadfF,Normal
0.15234039409402986,1468,0,S0,S,Mirai
0.43997884161488293,1425,0,S0,S,Mirai
1.0827430640968383,4463,17267,SF,ShADadfF,Normal
103.1099279826291,65022,14738,OTH,D,Malware
0.10324611778497612,677,0,S0,S,Mirai
3456.4679466046246,544,854,S1,ShAdDaf,C&C
6.386478626570055,4216,6188,SF,ShADadfF,Normal
107.4723720917524,82779,6306,OTH,D,Malware
72.13089161017446,55768,29288,OTH,D,Malware
3.148057950116984,1186,14139,SF,ShADadfF,Normal
0.10948118966754897,1441,0,S0,S,Mirai
0.14804170718126833,642,0,S0,S,Mirai
974.7971891612434,452,252,S1,ShAdDaf,C&C
0.29348048419216516,1461,0,S0,S,Mirai
6.9063353053463565,4235,16373,SF,ShADadfF,Normal
0.26746867308657696,558,12624,SF,ShADadfF,Normal
84.6787162602294,30726,18919,OTH,D,Malware
0.40033670081013967,835,0,S0,S,Mirai
0.3306452788560031,1158,0,S0,S,Mirai
0.4884994050455962,625,0,S0,S,Mirai
564.6943460164669,748,678,S1,ShAdDaf,C&C
0.12999742427368577,717,0,S0,S,Mirai
404.5947991526517,635,70,S1,ShAdDaf,C&C
23.404981345234855,5401,24868,OTH,D,Malware
6.334116894423888,1585,13390,SF,ShADadfF,Normal
0.36456199646315157,753,0,S0,S,Mirai
0.03148946218014816,1043,0,S0,S,Mirai
107.73273354792407,38113,27933,OTH,D,Malware
0.23858901201526453,1376,0,S0,S,Mirai
457.2419583805022,986,907,S1,ShAdDaf,C&C
0.47760125689950117,694,0,S0,S,Mirai
2060.10685542587,452,273,S1,ShAdDaf,C&C
941.2055961530689,350,309,S1,ShAdDaf,C&C
0.2977673295054455,1267,0,S0,S,Mirai
0.35858203866416216,529,0,S0,S,Mirai
0.18659447380075128,692,0,S0,S,Mirai
3406.883201429939,445,785,S1,ShAdDaf,C&C
0.3755859589581237,1207,0,S0,S,Mirai
0.17969663345854767,809,0,S0,S,Mirai
0.04585502928227265,963,0,S0,S,Mirai
9.140517413657655,3355,3437,SF,ShADadfF,Normal
0.03188895584077687,1242,0,S0,S,Mirai
91.27439792287703,62636,12262,OTH,D,Malware
3460.407382926862,147,569,S1,ShAdDaf,C&C
8.962337369655597,92524,39192,OTH,D,Malware
0.22729179047467074,1122,0,S0,S,Mirai
0.09888313781956062,710,0,S0,S,Mirai
54.61481180489135,44529,2289,OTH,D,Malware
0.3447025706792022,1127,0,S0,S,Mirai
0.23448029477776378,720,0,S0,S,Mirai
0.1971344464328303,1172,0,S0,S,Mirai
39.280819489160145,20046,22602,OTH,D,Malware
4.760566353642446,2165,3834,SF,ShADadfF,Normal
0.3871158464958964,1152,0,S0,S,Mirai
0.37123109798334675,612,0,S0,S,Mirai
0.4410803118084721,1371,0,S0,S,Mirai
0.10063938981981387,515,0,S0,S,Mirai
1777.3826934809213,699,852,S1,ShAdDaf,C&C
1.1316232470490948,4280,4155,SF,ShADadfF,Normal
0.11440436911375894,1073,0,S0,S,Mirai
109.81269648977083,97384,33874,OTH,D,Malware
0.24069808850027197,977,0,S0,S,Mirai
0.11327114277756753,1431,0,S0,S,Mirai
13.024267798838254,56943,12124,OTH,D,Malware
44.159076920373636,32843,20008,OTH,D,Malware
0.9967192453066703,2632,19649,SF,ShADadfF,Normal
771.3969808785748,475,282,S1,ShAdDaf,C&C
8.612407933095728,33566,46553,OTH,D,Malware
1.8852409449729715,660,1599,SF,ShADadfF,Normal
0.02355590186570141,1433,0,S0,S,Mirai
14.536670705503482,49821,11219,OTH,D,Malware
9.60495859467441,2778,9974,SF,ShADadfF,Normal
50.28556424793628,88264,10564,OTH,D,Malware
1.8533456518214393,2939,8479,SF,ShADadfF,Normal
8.240793218246226,4082,8155,SF,ShADadfF,Normal
26.607636927014816,46918,22502,OTH,D,Malware
756.0256038987343,76,861,S1,ShAdDaf,C&C
0.429608623428803,590,0,S0,S,Mirai
0.9867343204513607,4739,16124,SF,ShADadfF,Normal
0.2629976967183405,1208,0,S0,S,Mirai
9.846804204490589,3329,19497,SF,ShADadfF,Normal
1.9700629905715497,1154,12546,SF,ShADadfF,Normal
2053.694453007958,913,56,S1,ShAdDaf,C&C
8.702505330252729,236,13848,SF,ShADadfF,Normal
0.09489556398955404,1491,0,S0,S,Mirai
0.44367684430556664,1057,0,S0,S,Mirai
0.4787791569854038,512,0,S0,S,Mirai
60.020261132123984,10744,11411,OTH,D,Malware
4.978993322912718,2620,1687,SF,ShADadfF,Normal
0.22810836309635557,1044,0,S0,S,Mirai
8.64634218825099,192,4164,SF,ShADadfF,Normal
0.8937442968320841,855,3109,SF,ShADadfF,Normal
0.368277042171124,3282,7539,SF,ShADadfF,Normal
2279.243721691433,827,714,S1,ShAdDaf,C&C
4.344224188045707,4058,7134,SF,ShADadfF,Normal
1382.3918704272587,59,626,S1,ShAdDaf,C&C
35.62264226832947,72971,47546,OTH,D,Malware
0.08423101541756524,1236,0,S0,S,Mirai
29.051638063080134,90953,40441,OTH,D,Malware
7.343544080424915,2109,8231,SF,ShADadfF,Normal
0.39944999490278366,1030,0,S0,S,Mirai
0.3365392386206575,993,0,S0,S,Mirai
5.740472438048037,2914,17614,SF,ShADadfF,Normal
0.3327433655952571,2901,12293,SF,ShADadfF,Normal
64.4195053663043,53684,27040,OTH,D,Malware
1687.6904859469132,385,84,S1,ShAdDaf,C&C
3012.3522185130696,847,164,S1,ShAdDaf,C&C
1.9402936779016238,149,2194,SF,ShADadfF,Normal
0.04110253887628439,931,0,S0,S,Mirai
34.34529714659588,41821,14770,OTH,D,Malware
1259.2732824147683,607,937,S1,ShAdDaf,C&C
68.59968488747046,67414,31568,OTH,D,Malware
1985.1153349250633,470,378,S1,ShAdDaf,C&C
5.948503132291852,992,10175,SF,ShADadfF,Normal
0.24508368989525142,1424,0,S0,S,Mirai
0.31644893807972874,1193,0,S0,S,Mirai
0.4658895935960422,580,0,S0,S,Mirai
116.24898346511252,37366,44332,OTH,D,Malware
0.13649253812687343,1232,0,S0,S,Mirai
0.26296419966252804,853,0,S0,S,Mirai
0.033039685640498064,759,0,S0,S,Mirai
2690.843587274324,622,602,S1,ShAdDaf,C&C
1.3942727510105186,4494,15776,SF,ShADadfF,Normal
47.81635232206604,78754,27871,OTH,D,Malware
0.07263669495194681,1273,0,S0,S,Mirai
67.51974517190848,18816,21906,OTH,D,Malware
0.31085754639509433,947,0,S0,S,Mirai
1985.4523970138064,829,805,S1,ShAdDaf,C&C
0.1610865355095165,730,0,S0,S,Mirai
0.08133393695933416,1246,0,S0,S,Mirai
0.20101172381230795,856,0,S0,S,Mirai
0.2929081786392294,1276,0,S0,S,Mirai
71.95628738557305,10689,1156,OTH,D,Malware
3.62997169915776,1482,19892,SF,ShADadfF,Normal
0.029322814151248842,922,0,S0,S,Mirai
9.822835455553196,142,1929,SF,ShADadfF,Normal
18.095531416417522,32195,17313,OTH,D,Malware
1.5934596565278494,3611,18093,SF,ShADadfF,Normal
3249.2871450963034,507,407,S1,ShAdDaf,C&C
0.24578274804035039,562,0,S0,S,Mirai
34.19289384859211,43562,49954,OTH,D,Malware
0.3639748324796462,785,0,S0,S,Mirai
0.22337679839781946,915,0,S0,S,Mirai
2532.1619853307275,942,309,S1,ShAdDaf,C&C
2.049103620099272,2850,11830,SF,ShADadfF,Normal
47.72450126641999,52907,44698,OTH,D,Malware
85.40249654884937,89744,7899,OTH,D,Malware
0.06223434348036645,646,0,S0,S,Mirai
714.9646436815867,998,711,S1,ShAdDaf,C&C
62.91028121173573,30465,46517,OTH,D,Malware
7.133926502308327,4068,16554,SF,ShADadfF,Normal
0.17692941179817326,1418,0,S0,S,Mirai
74.91414162988372,55189,26672,OTH,D,Malware
2080.315132857119,891,968,S1,ShAdDaf,C&C
1784.2365934347115,590,203,S1,ShAdDaf,C&C
653.0235061134272,233,845,S1,ShAdDaf,C&C
5.5681093218040685,1799,3429,SF,ShADadfF,Normal
144.8500079386555,426,780,S1,ShAdDaf,C&C
6.184199735448041,187,13924,SF,ShADadfF,Normal
0.48521117607020714,929,0,S0,S,Mirai
113.07423483990777,51591,2139,OTH,D,Malware
2.7769200040948356,756,9338,SF,ShADadfF,Normal
0.2731676977513102,1174,0,S0,S,Mirai
1160.348684123909,668,638,S1,ShAdDaf,C&C
2749.220416843911,820,700,S1,ShAdDaf,C&C
71.2938023345529,29228,3373,OTH,D,Malware
8.759318860190445,1917,13494,SF,ShADadfF,Normal
64.07164802113391,82406,15156,OTH,D,Malware
0.21385091851629492,1311,0,S0,S,Mirai
67.45060342681474,76841,1224,OTH,D,Malware
0.16523100257322484,1150,0,S0,S,Mirai
0.3756979512776929,1332,0,S0,S,Mirai
5.556934196785028,3320,5102,SF,ShADadfF,Normal
5.482753332945795,260,11917,SF,ShADadfF,Normal
2949.2583061211903,713,746,S1,ShAdDaf,C&C
9.437447400140606,3259,6127,SF,ShADadfF,Normal
0.34593807616161143,529,0,S0,S,Mirai
0.45642860377218397,891,16285,SF,ShADadfF,Normal
2385.7693162995306,978,379,S1,ShAdDaf,C&C
0.023455381774571186,1306,0,S0,S,Mirai
4.926222842674693,1176,7808,SF,ShADadfF,Normal
9.628060105366687,2835,17230,SF,ShADadfF,Normal
37.04653621160503,13471,35007,OTH,D,Malware
27.662391167998948,78385,48927,OTH,D,Malware
2967.5633758129043,404,138,S1,ShAdDaf,C&C
2618.5702051529493,401,948,S1,ShAdDaf,C&C
1.7453857894051377,4357,7488,SF,ShADadfF,Normal
0.14891742784772516,870,0,S0,S,Mirai
1.595795735394356,801,4809,SF,ShADadfF,Normal
3.7451117929603974,3985,3608,SF,ShADadfF,Normal
0.40708172309442225,514,0,S0,S,Mirai
627.6843991625848,830,942,S1,ShAdDaf,C&C
1542.8270472779695,880,789,S1,ShAdDaf,C&C
491.59352655372385,112,233,S1,ShAdDaf,C&C
2276.8988852329167,86,233,S1,ShAdDaf,C&C
2947.8256245633465,814,457,S1,ShAdDaf,C&C
813.2515762661333,242,93,S1,ShAdDaf,C&C
953.9831397393132,464,503,S1,ShAdDaf,C&C
6.150449517128905,784,2152,SF,ShADadfF,Normal
1.7481926034155983,1322,15302,SF,ShADadfF,Normal
3304.5995281061128,965,613,S1,ShAdDaf,C&C
0.3096935236827505,1074,0,S0,S,Mirai
0.09141212364558064,1146,0,S0,S,Mirai
0.12281243759633323,1222,0,S0,S,Mirai
0.42229325679933116,1114,0,S0,S,Mirai
2.1652607560179584,4054,19185,SF,ShADadfF,Normal
5.400204158194622,1124,16693,SF,ShADadfF,Normal
0.2853356408591441,1044,0,S0,S,Mirai
56.43051848386914,52328,1379,OTH,D,Malware
6.374253043956549,3499,11542,SF,ShADadfF,Normal
0.14713851458617977,1442,0,S0,S,Mirai
0.41890733753394666,1014,0,S0,S,Mirai
1011.1134030145895,814,300,S1,ShAdDaf,C&C
2888.02640543423,297,757,S1,ShAdDaf,C&C
3.995782286841467,3429,16071,SF,ShADadfF,Normal
0.40249661214926374,1034,0,S0,S,Mirai
5.209767055150298,1059,6787,SF,ShADadfF,Normal
85.39032813945484,32881,16452,OTH,D,Malware
60.499414964085204,69447,6720,OTH,D,Malware
0.4828814407209415,1386,0,S0,S,Mirai
1.2958360290788635,2128,165,SF,ShADadfF,Normal
7.383081389292375,2394,2056,SF,ShADadfF,Normal
3.519388634657162,107,9349,SF,ShADadfF,Normal
221.09461209587434,270,584,S1,ShAdDaf,C&C
4.5984910834455235,2663,15220,SF,ShADadfF,Normal
1120.4287113688079,801,835,S1,ShAdDaf,C&C
0.6840602002954005,4142,4068,SF,ShADadfF,Normal
0.024051309815034595,1181,0,S0,S,Mirai
0.07675379530290997,1180,0,S0,S,Mirai
0.22769025238850882,1442,0,S0,S,Mirai
0.17566469603058524,590,0,S0,S,Mirai
74.03326406258428,60679,47720,OTH,D,Malware
1.851623853438149,609,19873,SF,ShADadfF,Normal
0.1513643247420101,976,0,S0,S,Mirai
7.534420169718232,2453,14279,SF,ShADadfF,Normal
2192.125728705729,800,653,S1,ShAdDaf,C&C
1014.1747026562302,401,475,S1,ShAdDaf,C&C
0.22858919231237138,730,0,S0,S,Mirai
0.22644358854524355,960,0,S0,S,Mirai
0.19802906696006822,588,0,S0,S,Mirai
516.9884982183783,906,545,S1,ShAdDaf,C&C
0.4691243139039079,791,0,S0,S,Mirai
5.825026479134372,2854,11653,SF,ShADadfF,Normal
0.2362519673285379,1395,0,S0,S,Mirai
37.59688515508219,69484,5037,OTH,D,Malware
0.30456703951555325,794,0,S0,S,Mirai
0.07891315815256268,749,0,S0,S,Mirai
2079.093051878115,665,188,S1,ShAdDaf,C&C
1825.8127148625256,971,275,S1,ShAdDaf,C&C
2123.6980695378243,408,368,S1,ShAdDaf,C&C
1.9364073234623154,2148,17717,SF,ShADadfF,Normal
38.62262940711637,75035,39369,OTH,D,Malware
0.12489211810328177,980,0,S0,S,Mirai
2279.7470261049716,969,419,S1,ShAdDaf,C&C
2998.727248312703,190,946,S1,ShAdDaf,C&C
1.5920001073436187,3663,2575,SF,ShADadfF,Normal
0.3374344287608069,708,0,S0,S,Mirai
1.318138747786065,590,12263,SF,ShADadfF,Normal
1101.3191498440556,565,582,S1,ShAdDaf,C&C
6.730983581078142,3899,14912,SF,ShADadfF,Normal
0.14501499732895143,1437,0,S0,S,Mirai
3.371843247828384,2249,11882,SF,ShADadfF,Normal
0.4628619897591795,1347,0,S0,S,Mirai
0.37037003009537933,1150,0,S0,S,Mirai
64.57926627443668,91585,18872,OTH,D,Malware
7.561778488861991,2599,15863,SF,ShADadfF,Normal
29.042571267034532,69694,20724,OTH,D,Malware
0.34124621933381327,1446,0,S0,S,Mirai
898.3157630195695,196,783,S1,ShAdDaf,C&C
0.49913164062645193,1460,0,S0,S,Mirai
77.12152170631254,57768,41109,OTH,D,Malware
103.2417927474975,82826,7789,OTH,D,Malware
56.26495252838686,73861,30326,OTH,D,Malware
102.82891981267389,14236,21836,OTH,D,Malware
0.26076953663883057,950,0,S0,S,Mirai
20.374559568347337,63931,32958,OTH,D,Malware
0.4853191909813428,688,0,S0,S,Mirai
0.2935051829496614,1450,0,S0,S,Mirai
9.845123636853916,4219,12447,SF,ShADadfF,Normal
0.1636244912879454,921,0,S0,S,Mirai
2063.6683353494955,138,51,S1,ShAdDaf,C&C
17.158036511352144,71771,36309,OTH,D,Malware
3.3674589207064507,3505,10143,SF,ShADadfF,Normal
6.455367717798233,4308,19288,SF,ShADadfF,Normal
273.73490676321944,417,969,S1,ShAdDaf,C&C
108.26818126535515,57897,45485,OTH,D,Malware
2.080814089273722,4445,12436,SF,ShADadfF,Normal
333.3292543473302,86,813,S1,ShAdDaf,C&C
3.6548590927786764,2901,6659,SF,ShADadfF,Normal
2575.5904741907148,594,784,S1,ShAdDaf,C&C
1.867719720220696,4703,18738,SF,ShADadfF,Normal
37.40343210587019,80169,16522,OTH,D,Malware
4.129951224140608,4548,19136,SF,ShADadfF,Normal
6.0042221875402575,1639,1672,SF,ShADadfF,Normal
97.86527773622547,46524,24522,OTH,D,Malware
5.145156657426534,58818,3037,OTH,D,Malware
1.1702685238972519,4649,11396,SF,ShADadfF,Normal
0.04494152814457089,793,0,S0,S,Mirai
1.5867077949549215,2073,11530,SF,ShADadfF,Normal
7.264546137257988,1532,10763,SF,ShADadfF,Normal
555.7343139531447,596,725,S1,ShAdDaf,C&C
108.82251780287069,82816,41629,OTH,D,Malware
0.3178892310924836,1040,0,S0,S,Mirai
102.324049953656,94586,34727,OTH,D,Malware
7.501046419707813,3592,7659,SF,ShADadfF,Normal
0.22834219348033347,690,0,S0,S,Mirai
0.22762068015815043,1369,0,S0,S,Mirai
2877.7144011188393,909,158,S1,ShAdDaf,C&C
2.7652308665532543,2413,4166,SF,ShADadfF,Normal
0.48252581268704126,763,0,S0,S,Mirai
51.570593060369376,50494,24421,OTH,D,Malware
49.52467968517948,73937,12109,OTH,D,Malware
3.6215010747823806,4943,762,SF,ShADadfF,Normal
0.16051581951324004,1426,0,S0,S,Mirai
249.47322756541297,410,421,S1,ShAdDaf,C&C
70.92837470891244,11061,35820,OTH,D,Malware
3119.678834141645,316,404,S1,ShAdDaf,C&C
0.15895929474679282,704,0,S0,S,Mirai
46.86133596723058,6614,48079,OTH,D,Malware
54.40783963458843,78446,41928,OTH,D,Malware
12.763151075025709,81003,10615,OTH,D,Malware
0.4431762673974966,1038,0,S0,S,Mirai
93.82385727157421,41418,38872,OTH,D,Malware
1632.232341289358,865,523,S1,ShAdDaf,C&C
31.979518676801614,56428,43886,OTH,D,Malware
679.1246907907403,548,245,S1,ShAdDaf,C&C
69.34385313741362,27847,22170,OTH,D,Malware
1685.6592947518097,845,713,S1,ShAdDaf,C&C
1462.4216406704065,925,886,S1,ShAdDaf,C&C
3470.7420229182744,330,105,S1,ShAdDaf,C&C
0.16261521583560481,541,0,S0,S,Mirai
61.10882206593271,157,101,S1,ShAdDaf,C&C
0.9182017538433358,3794,17689,SF,ShADadfF,Normal
1352.206218730351,634,949,S1,ShAdDaf,C&C
925.8552242796777,208,957,S1,ShAdDaf,C&C
0.40520844391471716,1454,0,S0,S,Mirai
7.282083983231474,1392,12886,SF,ShADadfF,Normal
0.3724863512295159,756,0,S0,S,Mirai
2606.435679687146,384,311,S1,ShAdDaf,C&C
0.1873659028944158,748,0,S0,S,Mirai
59.17435921473953,95010,19735,OTH,D,Malware
0.48750530669786635,918,0,S0,S,Mirai
5.804064105276897,3743,5238,SF,ShADadfF,Normal
0.196849018194675,1289,0,S0,S,Mirai
0.14712667667072615,861,0,S0,S,Mirai
0.09553748959371948,560,0,S0,S,Mirai
0.24333566212929922,516,0,S0,S,Mirai
63.141029678238105,56028,13893,OTH,D,Malware
1379.149018211446,244,534,S1,ShAdDaf,C&C
832.1085288552971,331,221,S1,ShAdDaf,C&C
4.912481335931507,3970,10703,SF,ShADadfF,Normal
69.86351876096005,93083,39830,OTH,D,Malware
8.352359219615218,4216,4121,SF,ShADadfF,Normal
87.51828138139958,47236,13316,OTH,D,Malware
0.38191765530318034,581,0,S0,S,Mirai
1098.492002272676,670,256,S1,ShAdDaf,C&C
61.6778615764158,52716,47223,OTH,D,Malware
0.02060484394091806,1431,0,S0,S,Mirai
8.687574364424135,3721,11169,SF,ShADadfF,Normal
0.31551100202385296,911,0,S0,S,Mirai
324.9933855833519,382,201,S1,ShAdDaf,C&C
4.548819110725187,4276,15624,SF,ShADadfF,Normal
0.3610239114243618,508,0,S0,S,Mirai
50.99821834347619,90976,6134,OTH,D,Malware
7.673976390540866,701,7099,SF,ShADadfF,Normal
116.53024364267677,76704,25089,OTH,D,Malware
5.016430638137125,426,15891,SF,ShADadfF,Normal
0.029691424737479093,933,0,S0,S,Mirai
113.67004336497581,57369,16579,OTH,D,Malware
1.9877072467454777,4149,17055,SF,ShADadfF,Normal
86.37750221790176,74964,45396,OTH,D,Malware
42.8996261016797,47304,46549,OTH,D,Malware
0.2465967512878971,1256,0,S0,S,Mirai
0.21789060888186582,1470,0,S0,S,Mirai
8.80849687855946,3205,18825,SF,ShADadfF,Normal
9.039923328863132,3069,14895,SF,ShADadfF,Normal
33.863379114923035,29789,15002,OTH,D,Malware
5.821720177705695,1759,15031,SF,ShADadfF,Normal
2.0382746901057245,1031,8185,SF,ShADadfF,Normal
0.36979195666362885,1294,0,S0,S,Mirai
8.751400831700858,2505,1578,SF,ShADadfF,Normal
1.3775158119939832,2565,2097,SF,ShADadfF,Normal
1.7228950110078978,505,12578,SF,ShADadfF,Normal
0.2798789012054845,973,0,S0,S,Mirai
1345.6771923300696,65,652,S1,ShAdDaf,C&C
4.283613610910178,3575,18750,SF,ShADadfF,Normal
94.57258990158586,63623,46144,OTH,D,Malware
61.23218286044854,52272,10783,OTH,D,Malware
91.19394891239618,17003,42274,OTH,D,Malware
1605.6868349836827,971,227,S1,ShAdDaf,C&C
0.2502038096434033,575,0,S0,S,Mirai
35.529506665890565,21668,48715,OTH,D,Malware
0.07384533240380858,675,0,S0,S,Mirai
454.20562873936007,750,127,S1,ShAdDaf,C&C
2567.765469875726,262,976,S1,ShAdDaf,C&C
50.02676492545104,77059,47096,OTH,D,Malware
1.6170401248743635,4423,13271,SF,ShADadfF,Normal
68.04941869502716,40458,16085,OTH,D,Malware
1712.6900342790757,56,685,S1,ShAdDaf,C&C
0.3748783374363438,1275,0,S0,S,Mirai
0.022907811044737887,966,0,S0,S,Mirai
0.19995939287804018,752,0,S0,S,Mirai
23.35598329985022,26323,20330,OTH,D,Malware
1138.0649528074255,286,619,S1,ShAdDaf,C&C
0.04120197600509019,782,0,S0,S,Mirai
8.929636044962768,141,4196,SF,ShADadfF,Normal
1498.1122851448317,647,809,S1,ShAdDaf,C&C
805.1343624158793,842,949,S1,ShAdDaf,C&C
0.45720171041693014,1108,0,S0,S,Mirai
5.3407167152618085,4789,2627,SF,ShADadfF,Normal
7.960254192880202,2869,4236,SF,ShADadfF,Normal
1151.0678962081608,100,442,S1,ShAdDaf,C&C
107.40770374996909,85684,20679,OTH,D,Malware
0.25161552101158874,575,0,S0,S,Mirai
2.1682401429582385,1447,18212,SF,ShADadfF,Normal
0.042718749438931385,730,0,S0,S,Mirai
8.520996288820191,46991,31244,OTH,D,Malware
1879.60819901232,388,476,S1,ShAdDaf,C&C
93.26297829951679,68719,30729,OTH,D,Malware
982.1966059442252,90,619,S1,ShAdDaf,C&C
0.12855090630509297,1066,0,S0,S,Mirai
1506.38768541536,983,515,S1,ShAdDaf,C&C
5.57133494426387,2120,8798,SF,ShADadfF,Normal
0.24344344132271592,1151,0,S0,S,Mirai
0.017607872282580095,994,0,S0,S,Mirai
7.874049650684607,4717,8998,SF,ShADadfF,Normal
4.003268815499027,1377,12493,SF,ShADadfF,Normal
0.15690139967870115,804,0,S0,S,Mirai
5.362895431839238,2467,16924,SF,ShADadfF,Normal
4.0529891233621225,2690,2861,SF,ShADadfF,Normal
0.22858113892874826,796,0,S0,S,Mirai
1643.0141130956204,133,762,S1,ShAdDaf,C&C
1226.8597440852934,313,619,S1,ShAdDaf,C&C
8.527324168487429,3570,7490,SF,ShADadfF,Normal
6.1413292946133655,4847,4695,SF,ShADadfF,Normal
5.86148889692562,4386,2154,SF,ShADadfF,Normal
0.10033050208186403,1454,0,S0,S,Mirai
0.257465455584488,1137,0,S0,S,Mirai
66.88966793210653,17366,30378,OTH,D,Malware
1794.106264177938,469,403,S1,ShAdDaf,C&C
12.471109000681839,43921,24101,OTH,D,Malware
8.733618378375311,9960,31793,OTH,D,Malware
7.636444968738058,20584,23274,OTH,D,Malware
0.21432485994006278,1242,0,S0,S,Mirai
323.03253998166514,521,89,S1,ShAdDaf,C&C
1277.3102954728117,914,391,S1,ShAdDaf,C&C
2300.0616410405905,53,472,S1,ShAdDaf,C&C
815.0282843541604,147,527,S1,ShAdDaf,C&C
80.47498566520102,69984,28948,OTH,D,Malware
50.8999752923767,80593,43030,OTH,D,Malware
61.791056380286626,60295,39130,OTH,D,Malware
6.930580186386536,2891,15377,SF,ShADadfF,Normal
8.801972148519909,3088,15794,SF,ShADadfF,Normal
9.675068530154677,4569,11541,SF,ShADadfF,Normal
9.684096275405842,2887,3560,SF,ShADadfF,Normal
0.054909228556912805,1035,0,S0,S,Mirai
0.42503691728009063,1292,0,S0,S,Mirai
53.211098699754075,67654,11885,OTH,D,Malware
0.17674313192548863,1186,0,S0,S,Mirai
3065.0772079882554,918,726,S1,ShAdDaf,C&C
2243.875094114282,660,369,S1,ShAdDaf,C&C
574.972629320367,372,745,S1,ShAdDaf,C&C
0.07129931628892293,1313,0,S0,S,Mirai
1690.1530393898188,815,619,S1,ShAdDaf,C&C
3189.3230230183794,567,282,S1,ShAdDaf,C&C
56.92277642145687,80724,27026,OTH,D,Malware
0.3715354271925284,1323,0,S0,S,Mirai
0.44794314461340934,544,0,S0,S,Mirai
69.36383793299254,7642,13690,OTH,D,Malware
0.22303322551834776,882,0,S0,S,Mirai
3.252268031844217,3387,17790,SF,ShADadfF,Normal
17.837746089175734,99824,10690,OTH,D,Malware
4.517754652557127,3522,2606,SF,ShADadfF,Normal
2901.7434695840598,847,72,S1,ShAdDaf,C&C
0.28811071123202386,717,0,S0,S,Mirai
1275.6387239205048,328,528,S1,ShAdDaf,C&C
24.421727266227485,96400,44793,OTH,D,Malware
2868.7500979240735,641,788,S1,ShAdDaf,C&C
61.401362020410474,74052,33515,OTH,D,Malware
0.050828458547786004,737,0,S0,S,Mirai
6.264096451355458,3409,18602,SF,ShADadfF,Normal
3.855694130226293,1864,18769,SF,ShADadfF,Normal
4.563817169443162,3976,19568,SF,ShADadfF,Normal
1222.6325556083943,139,381,S1,ShAdDaf,C&C
0.29511150457678675,616,0,S0,S,Mirai
76.45697319634475,35165,29591,OTH,D,Malware
1.220517429391052,1196,10834,SF,ShADadfF,Normal
4.2786193015328156,4943,15489,SF,ShADadfF,Normal
0.3765657781601795,1224,0,S0,S,Mirai
284.0724991686254,772,922,S1,ShAdDaf,C&C
823.5735637132933,81,336,S1,ShAdDaf,C&C
0.20379318750404246,1000,0,S0,S,Mirai
0.2858359561289066,1499,0,S0,S,Mirai
4.731655510293406,4354,4402,SF,ShADadfF,Normal
9.868351799012153,3083,3399,SF,ShADadfF,Normal
0.10472677734895318,1113,0,S0,S,Mirai
1173.584371731864,339,326,S1,ShAdDaf,C&C
3.4735078753436794,2524,8897,SF,ShADadfF,Normal
86.48567668982753,32867,9455,OTH,D,Malware
2061.1056726045354,499,700,S1,ShAdDaf,C&C
0.4937660701243041,892,0,S0,S,Mirai
95.91869175556653,94,781,S1,ShAdDaf,C&C
106.98595427902274,24320,7676,OTH,D,Malware
0.43366469486447423,613,0,S0,S,Mirai
8.370237714111479,2677,9216,SF,ShADadfF,Normal
0.31944504194134554,732,0,S0,S,Mirai
117.59591635933474,98950,13850,OTH,D,Malware
1.9181270085133162,3119,9730,SF,ShADadfF,Normal
2366.5401017040363,803,830,S1,ShAdDaf,C&C
100.71655019901314,31825,2426,OTH,D,Malware
0.4707220379846619,1073,0,S0,S,Mirai
2732.386063633437,482,586,S1,ShAdDaf,C&C
2761.719170666498,152,183,S1,ShAdDaf,C&C
1639.11566137141,220,653,S1,ShAdDaf,C&C
0.32604709484489713,996,0,S0,S,Mirai
0.445340975107347,587,0,S0,S,Mirai
85.94233513047615,99543,6509,OTH,D,Malware
0.18171123640514722,1043,0,S0,S,Mirai
3590.4365015594176,134,898,S1,ShAdDaf,C&C
30.741681961229162,63072,7774,OTH,D,Malware
4.038441216008589,3783,18694,SF,ShADadfF,Normal
76.1518005297919,90610,5305,OTH,D,Malware
3.783940878214527,3776,5061,SF,ShADadfF,Normal
111.1564720574193,88397,9278,OTH,D,Malware
838.5048802715628,261,412,S1,ShAdDaf,C&C
0.14866569493095974,790,0,S0,S,Mirai
78.67419684144134,72966,37106,OTH,D,Malware
3064.756538393999,126,322,S1,ShAdDaf,C&C
112.37893866952871,51380,13633,OTH,D,Malware
5.85790533506256,634,10973,SF,ShADadfF,Normal
4.009205362707436,3218,16620,SF,ShADadfF,Normal
0.34723836747329534,912,0,S0,S,Mirai
3.0243340956604783,293,6188,SF,ShADadfF,Normal
0.20824101557360086,614,0,S0,S,Mirai
8.988698120672508,1632,886,SF,ShADadfF,Normal
3187.483874786944,134,153,S1,ShAdDaf,C&C
0.20631813601233576,1471,0,S0,S,Mirai
1.7064096797758392,3390,11160,SF,ShADadfF,Normal
1.8360371952205194,2704,116,SF,ShADadfF,Normal
3208.29186105225,982,737,S1,ShAdDaf,C&C
0.2024872446393669,762,0,S0,S,Mirai
0.0773934244552551,651,0,S0,S,Mirai
0.32364378218154466,1304,0,S0,S,Mirai
62.9376463224228,43597,34799,OTH,D,Malware
17.136138742665487,38797,30057,OTH,D,Malware
13.566132538937648,7550,11211,OTH,D,Malware
2.2956507176884755,3387,11824,SF,ShADadfF,Normal
3036.64242604532,805,954,S1,ShAdDaf,C&C
95.99527734348355,20242,46871,OTH,D,Malware
0.4833875729026302,1043,0,S0,S,Mirai
0.27931323104500244,1334,0,S0,S,Mirai
6.469630116325284,529,18032,SF,ShADadfF,Normal
2655.6223743310625,770,973,S1,ShAdDaf,C&C
0.36868642981849453,1361,0,S0,S,Mirai
372.7706562505431,540,842,S1,ShAdDaf,C&C
6.661169802398014,1010,209,SF,ShADadfF,Normal
0.4788775001475277,716,0,S0,S,Mirai
0.4813310025738947,653,0,S0,S,Mirai
774.485763183804,798,817,S1,ShAdDaf,C&C
0.13840768675521642,1177,0,S0,S,Mirai
0.2740227496735379,1086,0,S0,S,Mirai
110.01351708764805,64181,14607,OTH,D,Malware
46.69638389178544,41058,41259,OTH,D,Malware
0.4273122553940184,822,0,S0,S,Mirai
81.80715000832238,13038,4537,OTH,D,Malware
1.037630409099304,1308,19118,SF,ShADadfF,Normal
0.12195231990375707,1145,0,S0,S,Mirai
2.000737124234999,3333,5815,SF,ShADadfF,Normal
92.23325397312814,35537,36653,OTH,D,Malware
0.23321174121870883,820,0,S0,S,Mirai
0.08850879571953041,538,0,S0,S,Mirai
0.25485411880883574,723,0,S0,S,Mirai
7.4244863971914805,3648,12380,SF,ShADadfF,Normal
1.429161708672274,1977,18367,SF,ShADadfF,Normal
5.374201530160702,502,3195,SF,ShADadfF,Normal
0.11606975322446889,1211,0,S0,S,Mirai
2095.622309449927,463,170,S1,ShAdDaf,C&C
396.8347797972436,351,647,S1,ShAdDaf,C&C
2797.92865259382,691,638,S1,ShAdDaf,C&C
67.96605992212642,83370,26626,OTH,D,Malware
6.846094219818165,3984,15732,SF,ShADadfF,Normal
80.65939944614063,62828,13070,OTH,D,Malware
1915.1279085096405,857,572,S1,ShAdDaf,C&C
0.2415907175375598,1770,6538,SF,ShADadfF,Normal
69.69485027912262,17550,36832,OTH,D,Malware
6.4430723899911255,1509,13663,SF,ShADadfF,Normal
0.06819444769198857,1284,0,S0,S,Mirai
0.23193590971413572,817,0,S0,S,Mirai
0.07932535392809736,740,0,S0,S,Mirai
54.617063950509355,30786,17541,OTH,D,Malware
2455.2261643655625,716,649,S1,ShAdDaf,C&C
31.888145242582475,49195,32129,OTH,D,Malware
546.1087450570408,289,874,S1,ShAdDaf,C&C
0.20697834259765088,1166,0,S0,S,Mirai
1096.0087087780726,113,465,S1,ShAdDaf,C&C
2082.519531724115,981,858,S1,ShAdDaf,C&C
0.18431708507847439,4699,5602,SF,ShADadfF,Normal
2.79881558666834,4528,15839,SF,ShADadfF,Normal
2.3016641456420612,4349,16203,SF,ShADadfF,Normal
22.22734405955392,79575,21955,OTH,D,Malware
1.8437856172123575,3284,1189,SF,ShADadfF,Normal
5.971407024762632,24017,28564,OTH,D,Malware
0.44821273982966675,904,0,S0,S,Mirai
2027.5709420149074,639,779,S1,ShAdDaf,C&C
1408.550359757666,872,744,S1,ShAdDaf,C&C
9.255065095120953,3847,9297,SF,ShADadfF,Normal
1403.35723601236,343,110,S1,ShAdDaf,C&C
0.17375119658126295,1144,0,S0,S,Mirai
55.5438820132676,32412,17200,OTH,D,Malware
6.606269637123132,47608,47939,OTH,D,Malware
1.563509528135145,242,16891,SF,ShADadfF,Normal
2220.8933614290577,128,524,S1,ShAdDaf,C&C
8.069180771551366,1392,7465,SF,ShADadfF,Normal
0.23893266002649963,1096,0,S0,S,Mirai
0.156340631577782,1045,0,S0,S,Mirai
2925.5484730400804,56,407,S1,ShAdDaf,C&C
0.3493893346225305,886,0,S0,S,Mirai
55.56437374525063,31028,34567,OTH,D,Malware
1251.2061315498147,577,89,S1,ShAdDaf,C&C
6.940898318890806,204,16408,SF,ShADadfF,Normal
6.757374020544135,3258,10553,SF,ShADadfF,Normal
222.908476746145,883,208,S1,ShAdDaf,C&C
23.028748899455724,81137,37564,OTH,D,Malware
0.12211140768712436,527,0,S0,S,Mirai
112.4736359293897,55322,34269,OTH,D,Malware
6.3059582548448585,892,15825,SF,ShADadfF,Normal
0.10041303528466153,1330,0,S0,S,Mirai
2790.746998819243,854,460,S1,ShAdDaf,C&C
9.168400792980986,3810,15953,SF,ShADadfF,Normal
9.512103068961961,3374,11609,SF,ShADadfF,Normal
9.065792157151282,3853,2991,SF,ShADadfF,Normal
0.054329297574404425,745,0,S0,S,Mirai
0.4242062264263335,690,0,S0,S,Mirai
8.0054091382565,4868,19227,SF,ShADadfF,Normal
0.11503229813481163,1246,0,S0,S,Mirai
33.16591667800079,51635,18141,OTH,D,Malware
112.33602989913214,35336,33997,OTH,D,Malware
832.6299890592379,328,82,S1,ShAdDaf,C&C
104.02365496046984,90023,23429,OTH,D,Malware
77.85874719556912,18181,44181,OTH,D,Malware
94.43367832096726,21653,49381,OTH,D,Malware
1940.2250348496677,374,628,S1,ShAdDaf,C&C
7.1217676980105455,3261,588,SF,ShADadfF,Normal
98.54327573723504,48558,19210,OTH,D,Malware
6.98679886132195,3166,15485,SF,ShADadfF,Normal
0.6670695237282311,3264,17069,SF,ShADadfF,Normal
5.298762237640772,2996,8316,SF,ShADadfF,Normal
68.39508513776843,15369,10748,OTH,D,Malware
57.36904787720647,38002,15161,OTH,D,Malware
8.68603796534613,3933,7882,SF,ShADadfF,Normal
551.850073109907,758,224,S1,ShAdDaf,C&C
1153.4046190515762,502,435,S1,ShAdDaf,C&C
101.40620320927874,86156,38582,OTH,D,Malware
3.345646756500758,1438,19397,SF,ShADadfF,Normal
0.8668196038245554,2002,1641,SF,ShADadfF,Normal
74.78601616264636,16744,38594,OTH,D,Malware
0.15584237098895637,945,0,S0,S,Mirai
2311.221526286201,427,817,S1,ShAdDaf,C&C
0.20547633218561256,916,0,S0,S,Mirai
0.2775687957129748,1383,0,S0,S,Mirai
9.773601548227271,4421,6234,SF,ShADadfF,Normal
0.6214909513599751,3231,19072,SF,ShADadfF,Normal
3.5324400775407705,1081,19485,SF,ShADadfF,Normal
0.40444411342154246,1090,0,S0,S,Mirai
63.54755637030546,98146,39195,OTH,D,Malware
0.4411118866679071,791,0,S0,S,Mirai
0.3691153067126215,1104,0,S0,S,Mirai
0.09898999378231535,1159,0,S0,S,Mirai
0.806504811755341,3573,16388,SF,ShADadfF,Normal
8.258506568272548,2813,11177,SF,ShADadfF,Normal
0.018037649271214228,1170,0,S0,S,Mirai
6.3074622095630275,1400,1105,SF,ShADadfF,Normal
8.720993574455608,685,7042,SF,ShADadfF,Normal
0.3224750363800331,860,0,S0,S,Mirai
0.08178399796090301,1101,0,S0,S,Mirai
0.2736270211819861,1209,0,S0,S,Mirai
0.4582979836235739,1349,0,S0,S,Mirai
0.42851700061658304,1284,0,S0,S,Mirai
5.26811037966719,732,9173,SF,ShADadfF,Normal
6.413472417435744,4561,10110,SF,ShADadfF,Normal
0.48141165819992937,1466,0,S0,S,Mirai
225.79480553135056,335,209,S1,ShAdDaf,C&C
5.848285421056937,2727,7981,SF,ShADadfF,Normal
0.040187936777116184,1463,0,S0,S,Mirai
1.331236918955316,3818,8849,SF,ShADadfF,Normal
9.552328587901329,1731,2294,SF,ShADadfF,Normal
0.4835865587625986,1223,0,S0,S,Mirai
104.68089679390637,20251,2571,OTH,D,Malware
0.41690640675782514,1192,0,S0,S,Mirai
0.4332778480730303,1403,0,S0,S,Mirai
7.781683354976605,3163,12833,SF,ShADadfF,Normal
32.40658460461283,9740,1011,OTH,D,Malware
0.0726243195768311,1394,0,S0,S,Mirai
2610.9217624797147,811,467,S1,ShAdDaf,C&C
4.475273321967725,844,15338,SF,ShADadfF,Normal
3470.5061586636416,105,583,S1,ShAdDaf,C&C
0.3298285991053245,909,0,S0,S,Mirai
0.39723837463503375,933,0,S0,S,Mirai
1905.3607889875434,664,934,S1,ShAdDaf,C&C
1.092524635372486,527,8850,SF,ShADadfF,Normal
4.8268147978424345,2544,7862,SF,ShADadfF,Normal
0.4792959879841988,893,0,S0,S,Mirai
1781.760793448481,130,233,S1,ShAdDaf,C&C
929.1398966139778,151,889,S1,ShAdDaf,C&C
0.14138738394430508,1097,0,S0,S,Mirai
881.6150538356311,406,659,S1,ShAdDaf,C&C
0.29237057646099446,1085,0,S0,S,Mirai
3341.007671102649,367,114,S1,ShAdDaf,C&C
3.1591456221487597,2015,14534,SF,ShADadfF,Normal
29.846604435584652,85808,29487,OTH,D,Malware
71.96663005078138,34458,27259,OTH,D,Malware
2869.1137634653905,463,536,S1,ShAdDaf,C&C
26.150549200154465,70344,49857,OTH,D,Malware
111.03836472435243,87104,9016,OTH,D,Malware
0.4882186967463052,518,0,S0,S,Mirai
5.207083735524424,3232,7440,SF,ShADadfF,Normal
117.95720327694171,15469,28250,OTH,D,Malware
0.2408518029336698,625,0,S0,S,Mirai
0.03278820067234736,1020,0,S0,S,Mirai
98.89811260549561,57240,36692,OTH,D,Malware
0.32636624338998815,945,0,S0,S,Mirai
80.99129019090397,5268,32549,OTH,D,Malware
3.7985139911182673,1354,3376,SF,ShADadfF,Normal
0.13654375313527567,884,0,S0,S,Mirai
0.7644047264733249,179,16362,SF,ShADadfF,Normal
114.97028169432802,35580,26099,OTH,D,Malware
864.7696426143192,61,439,S1,ShAdDaf,C&C
0.387392627683718,1218,0,S0,S,Mirai
5.100343162980659,3666,1514,SF,ShADadfF,Normal
0.12230367187893895,1439,0,S0,S,Mirai
20.459314588957596,63559,40576,OTH,D,Malware
9.804007976421982,3801,19442,SF,ShADadfF,Normal
3543.6684785675134,413,416,S1,ShAdDaf,C&C
0.4099710949609723,1063,0,S0,S,Mirai
0.11024404055847313,1119,0,S0,S,Mirai
72.60150239800262,74112,49782,OTH,D,Malware
27.132920940846397,30169,20198,OTH,D,Malware
3293.615118964416,745,891,S1,ShAdDaf,C&C
1.3116083425794578,4655,12354,SF,ShADadfF,Normal
8.54437236259167,4633,7518,SF,ShADadfF,Normal
0.05233231366875003,951,0,S0,S,Mirai
5.878558031241465,1904,5848,SF,ShADadfF,Normal
0.12076203908596074,1051,0,S0,S,Mirai
0.17032819960943427,868,0,S0,S,Mirai
0.3074991359570753,884,0,S0,S,Mirai
2.7450982645437683,3429,3478,SF,ShADadfF,Normal
7.014229529212151,2586,786,SF,ShADadfF,Normal
2.1288719933357743,1046,11910,SF,ShADadfF,Normal
1554.8015706574213,771,339,S1,ShAdDaf,C&C
0.48714594371126224,950,0,S0,S,Mirai
0.11764694875633173,775,0,S0,S,Mirai
0.4634664412293472,828,12262,SF,ShADadfF,Normal
6.578800668682391,4012,4320,SF,ShADadfF,Normal
0.37127673046857795,1437,0,S0,S,Mirai
8.493456809659634,574,14926,SF,ShADadfF,Normal
2862.846869085339,469,759,S1,ShAdDaf,C&C
0.0761515083200088,595,0,S0,S,Mirai
39.258609677277555,46200,45266,OTH,D,Malware
5.991057022233722,93148,34980,OTH,D,Malware
0.06487317139429984,1126,0,S0,S,Mirai
0.07962394255520282,1235,0,S0,S,Mirai
1417.6601569859545,67,415,S1,ShAdDaf,C&C
0.10437250024718307,1386,0,S0,S,Mirai
0.11476807942163321,573,0,S0,S,Mirai
27.36819888257117,70751,46401,OTH,D,Malware
4.502925394129532,3751,15048,SF,ShADadfF,Normal
3561.1692183960013,203,926,S1,ShAdDaf,C&C
0.24269086928831152,1176,0,S0,S,Mirai
8.987746836738454,3324,9430,SF,ShADadfF,Normal
0.4068379101940178,917,0,S0,S,Mirai
0.3892102800372128,784,0,S0,S,Mirai
7.374661247819615,4685,17241,SF,ShADadfF,Normal
0.02716711263997674,1145,0,S0,S,Mirai
4.6674266105191675,2954,1611,SF,ShADadfF,Normal
0.16916571225548654,1081,0,S0,S,Mirai
39.3102912354851,8695,23228,OTH,D,Malware
118.73325128317363,20949,30050,OTH,D,Malware
61.944302345919795,68792,25020,OTH,D,Malware
0.038454298617840055,1274,0,S0,S,Mirai
0.15187287345190678,1435,0,S0,S,Mirai
557.8635838227117,750,775,S1,ShAdDaf,C&C
2973.640181145232,748,518,S1,ShAdDaf,C&C
540.0355627217857,781,107,S1,ShAdDaf,C&C
95.40883421572569,98122,42125,OTH,D,Malware
0.14315021023554056,1076,0,S0,S,Mirai
0.026238861691085857,609,0,S0,S,Mirai
116.82336045892187,65993,41375,OTH,D,Malware
0.1481250452887073,1433,0,S0,S,Mirai
2780.5287351128018,910,68,S1,ShAdDaf,C&C
6.025355813296814,2502,15214,SF,ShADadfF,Normal
0.2645199150014731,1340,0,S0,S,Mirai
4.1019407653542626,4654,17467,SF,ShADadfF,Normal
1447.5782937841243,482,696,S1,ShAdDaf,C&C
0.17592749919487155,4168,8105,SF,ShADadfF,Normal
0.14403308201220347,1331,0,S0,S,Mirai
3528.573307307268,968,916,S1,ShAdDaf,C&C
0.32521826131568143,658,0,S0,S,Mirai
0.32367811955056824,802,0,S0,S,Mirai
67.69762076988192,91000,43564,OTH,D,Malware
1931.0612574636748,501,513,S1,ShAdDaf,C&C
0.38155913542382963,1343,0,S0,S,Mirai
868.6528951655235,409,712,S1,ShAdDaf,C&C
4.861585962464339,690,14961,SF,ShADadfF,Normal
92.83472805126935,89825,36931,OTH,D,Malware
0.1657530538349331,1275,0,S0,S,Mirai
3255.0168956153157,990,945,S1,ShAdDaf,C&C
9.0452107537377,480,12607,SF,ShADadfF,Normal
6.58755269872127,3426,14445,SF,ShADadfF,Normal
0.2302651185151036,1063,0,S0,S,Mirai
0.14731718583602352,800,0,S0,S,Mirai
0.10058001103451399,1367,0,S0,S,Mirai
2.278396717518132,1503,17217,SF,ShADadfF,Normal
0.04143579776488558,686,0,S0,S,Mirai
1.670471031875652,4902,8212,SF,ShADadfF,Normal
0.0816474924459213,1005,0,S0,S,Mirai
310.8512180333304,143,190,S1,ShAdDaf,C&C
647.902283607481,496,660,S1,ShAdDaf,C&C
0.30069572025164887,642,0,S0,S,Mirai
9.633398348946784,4808,14892,SF,ShADadfF,Normal
9.400634636006547,88871,8885,OTH,D,Malware
6.172718911577963,2198,16907,SF,ShADadfF,Normal
71.39409217155556,71730,19307,OTH,D,Malware
0.24104602301870426,1323,0,S0,S,Mirai
2274.1112462480887,739,271,S1,ShAdDaf,C&C
114.9136715052199,29633,17598,OTH,D,Malware
107.28940155142385,577,688,S1,ShAdDaf,C&C
4.525299737835384,840,9235,SF,ShADadfF,Normal
0.36357713875792225,1040,0,S0,S,Mirai
0.470771813166476,1401,0,S0,S,Mirai
66.48477293585498,18612,5334,OTH,D,Malware
4.914477170393961,966,4605,SF,ShADadfF,Normal
4.03779734963764,710,12866,SF,ShADadfF,Normal
2587.338018226687,717,252,S1,ShAdDaf,C&C
3499.278584528124,494,955,S1,ShAdDaf,C&C
0.48651884770363335,930,0,S0,S,Mirai
9.31905659688272,1403,347,SF,ShADadfF,Normal
5.556577323480364,2540,16266,SF,ShADadfF,Normal
37.6936820986273,92234,19342,OTH,D,Malware
107.58909153297948,74189,7648,OTH,D,Malware
9.131409827962324,2732,5178,SF,ShADadfF,Normal
0.09289937615339987,1420,0,S0,S,Mirai
90.23875410644348,14215,8498,OTH,D,Malware
8.514334771314443,3477,16179,SF,ShADadfF,Normal
114.14355885583068,21369,1311,OTH,D,Malware
1956.7239278528425,170,840,S1,ShAdDaf,C&C
0.015469419496862638,1042,0,S0,S,Mirai
0.43017066588487507,1956,1110,SF,ShADadfF,Normal
0.3538935696309162,580,0,S0,S,Mirai
0.3886460473444524,807,0,S0,S,Mirai
6.590327288420249,1330,2611,SF,ShADadfF,Normal
0.23327271004108546,1063,0,S0,S,Mirai
0.43393981278177257,1149,0,S0,S,Mirai
2344.1755006594008,850,190,S1,ShAdDaf,C&C
2696.4996763698587,248,378,S1,ShAdDaf,C&C
0.03708873322408206,1029,0,S0,S,Mirai
9.062964409264703,2024,7843,SF,ShADadfF,Normal
0.4909162187605227,660,0,S0,S,Mirai
0.3859732532315578,1386,0,S0,S,Mirai
0.4682186929686037,984,0,S0,S,Mirai
0.243851275343136,585,0,S0,S,Mirai
6.814380820828162,4664,6824,SF,ShADadfF,Normal
4.796353669681643,443,3099,SF,ShADadfF,Normal
3014.297115910941,273,202,S1,ShAdDaf,C&C
1896.2805388598315,683,342,S1,ShAdDaf,C&C
335.22183909747747,874,196,S1,ShAdDaf,C&C
1963.2751112017104,351,582,S1,ShAdDaf,C&C
1.6213422892928258,4942,18395,SF,ShADadfF,Normal
6.923059797201956,4644,3997,SF,ShADadfF,Normal
0.04710871381610752,901,0,S0,S,Mirai
7.429948854733944,3994,9691,SF,ShADadfF,Normal
3228.614326024889,108,711,S1,ShAdDaf,C&C
8.223221010354614,1406,13265,SF,ShADadfF,Normal
3.21264864372369,712,7592,SF,ShADadfF,Normal
9.114967819574451,1237,10460,SF,ShADadfF,Normal
0.0664483503880828,548,0,S0,S,Mirai
8.374796983215395,4760,13357,SF,ShADadfF,Normal
662.3948852856815,860,930,S1,ShAdDaf,C&C
6.460283594213849,1124,9601,SF,ShADadfF,Normal
0.13753015856526965,1157,0,S0,S,Mirai
0.4810584015738193,1333,0,S0,S,Mirai
0.21288201329420534,1293,0,S0,S,Mirai
74.57863825586217,14311,40322,OTH,D,Malware
0.9695783830707834,2346,700,SF,ShADadfF,Normal
7.9220241804775995,4849,11696,SF,ShADadfF,Normal
0.330630648562494,1223,0,S0,S,Mirai
0.4474959643003764,1271,0,S0,S,Mirai
0.21910514169983386,975,0,S0,S,Mirai
92.91399411462926,9710,21015,OTH,D,Malware
0.4110842156203939,518,0,S0,S,Mirai
14.82256061361607,99323,3624,OTH,D,Malware
3.39490464265533,2977,12781,SF,ShADadfF,Normal
0.4208840999289744,1296,0,S0,S,Mirai
0.2785183998720178,798,0,S0,S,Mirai
0.23558547830384324,983,0,S0,S,Mirai
85.77054454782999,15172,42568,OTH,D,Malware
0.3472695619733733,681,0,S0,S,Mirai
376.2675336091304,830,597,S1,ShAdDaf,C&C
3.847340165086359,1528,3409,SF,ShADadfF,Normal
0.1954489859015131,1309,0,S0,S,Mirai
0.10222381395286888,910,0,S0,S,Mirai
5.54217935123336,1913,13495,SF,ShADadfF,Normal
0.10419860269107901,881,0,S0,S,Mirai
1.9587059278574481,739,6827,SF,ShADadfF,Normal
1424.44401986182,941,392,S1,ShAdDaf,C&C
2.530862074700413,3288,3380,SF,ShADadfF,Normal
0.20483438180363778,646,0,S0,S,Mirai
0.10903508359872523,619,0,S0,S,Mirai
7.373248915966523,4386,6498,SF,ShADadfF,Normal
33.37983396651758,29551,20036,OTH,D,Malware
0.42735693588626095,1460,0,S0,S,Mirai
4.045776203279688,1692,14656,SF,ShADadfF,Normal
2157.427410341994,166,355,S1,ShAdDaf,C&C
974.9537765516172,626,636,S1,ShAdDaf,C&C
70.63451423785426,95326,22563,OTH,D,Malware
0.02002591940518785,927,0,S0,S,Mirai
7.697554767204629,3089,8845,SF,ShADadfF,Normal
42.07236429243946,80351,31819,OTH,D,Malware
5.995742818362892,4682,14887,SF,ShADadfF,Normal
0.49393396236373666,753,0,S0,S,Mirai
9.723886559426544,1171,9975,SF,ShADadfF,Normal
44.60483132219096,67034,2977,OTH,D,Malware
2104.4498645911426,573,355,S1,ShAdDaf,C&C
31.58117301051953,74083,31397,OTH,D,Malware
5.251350479854956,3402,18843,SF,ShADadfF,Normal
0.21473495339089038,792,0,S0,S,Mirai
3311.978994122138,188,219,S1,ShAdDaf,C&C
6.0437559748653005,4355,6076,SF,ShADadfF,Normal
8.749185655848,2979,2140,SF,ShADadfF,Normal
106.50051240133948,94739,42661,OTH,D,Malware
3169.8229790528353,100,358,S1,ShAdDaf,C&C
90.22809430245572,818,492,S1,ShAdDaf,C&C
49.137280532917536,44644,12324,OTH,D,Malware
2.0727493970745052,2961,16544,SF,ShADadfF,Normal
0.059446184719089294,592,0,S0,S,Mirai
0.4887756164335998,1365,0,S0,S,Mirai
0.1280946610191749,517,0,S0,S,Mirai
8.555764573542376,3820,15664,SF,ShADadfF,Normal
1751.47106872524,452,495,S1,ShAdDaf,C&C
84.88540827688887,18755,15194,OTH,D,Malware
0.3900404885205012,1114,0,S0,S,Mirai
6.628436529277024,2651,3890,SF,ShADadfF,Normal
83.13907708140327,26848,28630,OTH,D,Malware
70.77363052617332,57078,19362,OTH,D,Malware
0.2522256858519744,656,0,S0,S,Mirai
83.87340914944033,11467,7866,OTH,D,Malware
8.69417595248631,1746,273,SF,ShADadfF,Normal
8.770398063373948,2547,5797,SF,ShADadfF,Normal
94.22056677942378,26356,6383,OTH,D,Malware
8.552771534902856,4225,17535,SF,ShADadfF,Normal
0.3114598983342519,1428,0,S0,S,Mirai
1456.568980324121,316,746,S1,ShAdDaf,C&C
77.82968700667647,76077,39654,OTH,D,Malware
981.6598281849696,59,995,S1,ShAdDaf,C&C
0.12455419950484714,299,10420,SF,ShADadfF,Normal
6.844655814786207,2045,11328,SF,ShADadfF,Normal
71.72120863155662,54820,8102,OTH,D,Malware
8.793854799715167,4971,8116,SF,ShADadfF,Normal
1337.359016821299,906,397,S1,ShAdDaf,C&C
7.895747735168394,3432,10132,SF,ShADadfF,Normal
2.282298568876676,412,14974,SF,ShADadfF,Normal
4.625100659638173,2474,4200,SF,ShADadfF,Normal
5.4817469720137755,1609,5780,SF,ShADadfF,Normal
1230.4386115251405,834,267,S1,ShAdDaf,C&C
2.2057304557515267,3109,18939,SF,ShADadfF,Normal
2.8210567693957875,2934,1538,SF,ShADadfF,Normal
0.3770433527977072,303,5063,SF,ShADadfF,Normal
722.8091451530696,83,176,S1,ShAdDaf,C&C
3589.0830296530235,543,598,S1,ShAdDaf,C&C
93.98590798692224,38130,45041,OTH,D,Malware
434.6511596153173,653,73,S1,ShAdDaf,C&C
42.35443776741491,91568,45339,OTH,D,Malware
6.75356514659687,2082,10080,SF,ShADadfF,Normal
0.21880314260987285,2742,5341,SF,ShADadfF,Normal
12.10281305762842,73019,47718,OTH,D,Malware
0.4695339262593963,2570,15339,SF,ShADadfF,Normal
0.4135605668959326,638,0,S0,S,Mirai
2363.082519034929,967,987,S1,ShAdDaf,C&C
22.06753172916068,99561,34223,OTH,D,Malware
0.1368889412044742,1460,0,S0,S,Mirai
3.8949271226833027,2542,3722,SF,ShADadfF,Normal
0.43387103799725746,1013,0,S0,S,Mirai
2715.696296118932,150,769,S1,ShAdDaf,C&C
0.4257430873745836,619,0,S0,S,Mirai
0.4488248042893615,1056,0,S0,S,Mirai
0.40989066527465473,1016,0,S0,S,Mirai
9.782236924699369,3366,13544,SF,ShADadfF,Normal
0.06370660389345802,655,0,S0,S,Mirai
99.12088305238157,95781,25547,OTH,D,Malware
2586.2284627007643,905,612,S1,ShAdDaf,C&C
1381.3956374075162,799,684,S1,ShAdDaf,C&C
1713.5508517587875,345,891,S1,ShAdDaf,C&C
6.587202133880791,2740,16547,SF,ShADadfF,Normal
420.6988112776153,940,800,S1,ShAdDaf,C&C
0.13359003884587975,1170,0,S0,S,Mirai
9.716527100188358,2124,2532,SF,ShADadfF,Normal
4.1465757385516975,491,14975,SF,ShADadfF,Normal
317.464257042939,137,313,S1,ShAdDaf,C&C
8.717768378162804,4807,1308,SF,ShADadfF,Normal
3310.693476291288,783,466,S1,ShAdDaf,C&C
916.5763505529163,661,727,S1,ShAdDaf,C&C
4.064029216940185,1267,13826,SF,ShADadfF,Normal
34.93112242035588,23595,16983,OTH,D,Malware
1916.4655872368005,56,821,S1,ShAdDaf,C&C
36.47292360511234,23067,5533,OTH,D,Malware
9.018980490693172,2932,2226,SF,ShADadfF,Normal
7.053741150311539,3457,2026,SF,ShADadfF,Normal
1.9042618657555124,3169,2897,SF,ShADadfF,Normal
0.027727578201535562,1115,0,S0,S,Mirai
0.39091161146859976,1002,0,S0,S,Mirai
8.460501069421868,2123,1716,SF,ShADadfF,Normal
91.0020290955218,65405,12290,OTH,D,Malware
0.37762702796223274,886,0,S0,S,Mirai
7.79728508338474,4977,7994,SF,ShADadfF,Normal
4.165897292739115,3183,5147,SF,ShADadfF,Normal
81.80688003876683,67133,14612,OTH,D,Malware
2.43900941845906,1212,3598,SF,ShADadfF,Normal
9.214739841226873,542,15811,SF,ShADadfF,Normal
1.3133805258529603,2787,7978,SF,ShADadfF,Normal
8.17417212941595,1100,8507,SF,ShADadfF,Normal
8.410061946572998,4653,6530,SF,ShADadfF,Normal
9.453951286580036,1023,5606,SF,ShADadfF,Normal
8.996075933247301,3314,11558,SF,ShADadfF,Normal
0.3325549250162483,707,0,S0,S,Mirai
6.497823120282952,1910,6437,SF,ShADadfF,Normal
9.304232524939621,3960,17836,SF,ShADadfF,Normal
3182.855891394101,127,576,S1,ShAdDaf,C&C
100.78579701057184,35194,6494,OTH,D,Malware
94.06765555258322,71071,38787,OTH,D,Malware
0.2292948432607314,1474,0,S0,S,Mirai
0.30330607129998194,715,0,S0,S,Mirai
626.5948873691183,701,721,S1,ShAdDaf,C&C
3370.315970066586,129,105,S1,ShAdDaf,C&C
0.48528822430183005,829,0,S0,S,Mirai
20.065853631459746,13965,42510,OTH,D,Malware
0.3556895468857571,822,0,S0,S,Mirai
7.3976186652767595,424,17445,SF,ShADadfF,Normal
111.41666023404657,96404,22506,OTH,D,Malware
5.8283272194894185,3309,18822,SF,ShADadfF,Normal
5.564072367691359,4470,1802,SF,ShADadfF,Normal
3560.022242886602,360,133,S1,ShAdDaf,C&C
3376.413292522903,192,598,S1,ShAdDaf,C&C
6.9207959017179235,673,9471,SF,ShADadfF,Normal
0.46322890096918573,1390,0,S0,S,Mirai
1212.929620373404,903,933,S1,ShAdDaf,C&C
66.2264004630847,25165,44487,OTH,D,Malware
2094.802151300264,134,234,S1,ShAdDaf,C&C
112.20767341541428,32360,39917,OTH,D,Malware
2444.6979827701625,818,276,S1,ShAdDaf,C&C
3.9222061464998603,2168,13496,SF,ShADadfF,Normal
0.13144631852062252,1131,0,S0,S,Mirai
0.47332429002487003,758,0,S0,S,Mirai
12.371519703843795,82971,12107,OTH,D,Malware
9.363764754118638,2128,8413,SF,ShADadfF,Normal
4.1961021162426615,688,11905,SF,ShADadfF,Normal
0.24157557123029547,872,0,S0,S,Mirai
58.248982141487694,63254,23207,OTH,D,Malware
3.7724609093467767,4973,14254,SF,ShADadfF,Normal
3114.6484800912676,96,509,S1,ShAdDaf,C&C
10.25227312572844,68023,3978,OTH,D,Malware
2.614298933110868,2480,972,SF,ShADadfF,Normal
9.71857868712562,904,14548,SF,ShADadfF,Normal
9.487782867864054,2628,8368,SF,ShADadfF,Normal
39.348410840636404,81662,4738,OTH,D,Malware
1.713756938122992,4979,5725,SF,ShADadfF,Normal
511.4984696637294,272,222,S1,ShAdDaf,C&C
1130.0531638206419,107,743,S1,ShAdDaf,C&C
0.3175523731393398,806,0,S0,S,Mirai
0.07279270410091769,862,0,S0,S,Mirai
3374.1689497487423,475,607,S1,ShAdDaf,C&C
1612.7742481169366,809,303,S1,ShAdDaf,C&C
4.986161889226336,2381,6376,SF,ShADadfF,Normal
1.4214911292225243,4548,7521,SF,ShADadfF,Normal
454.1878413884276,73,336,S1,ShAdDaf,C&C
1.3416962399668195,1005,849,SF,ShADadfF,Normal
7.565585744427911,238,11276,SF,ShADadfF,Normal
0.3759662640990638,610,0,S0,S,Mirai
0.0604806636915551,985,0,S0,S,Mirai
9.56285912538867,1142,7961,SF,ShADadfF,Normal
0.10036745838570614,741,0,S0,S,Mirai
0.2737745155476587,615,0,S0,S,Mirai
2173.931097977046,526,801,S1,ShAdDaf,C&C
0.1887850969586537,1225,0,S0,S,Mirai
101.08361688984849,33573,13585,OTH,D,Malware
0.246108078030434,832,0,S0,S,Mirai
21.596966782431014,60964,44155,OTH,D,Malware
1669.2004719458575,992,674,S1,ShAdDaf,C&C
0.2642121693581013,732,0,S0,S,Mirai
26.722206226787744,10366,28713,OTH,D,Malware
0.44979435944718427,1362,0,S0,S,Mirai
80.06274789888406,29927,25836,OTH,D,Malware
4.710284478328936,3708,7189,SF,ShADadfF,Normal
7.391777715892096,81013,24163,OTH,D,Malware
0.15553494287989494,1262,0,S0,S,Mirai
6.18655999864416,2332,15894,SF,ShADadfF,Normal
4.078164452202788,2151,458,SF,ShADadfF,Normal
19.088419635899076,33886,34637,OTH,D,Malware
114.04084815641873,25623,23836,OTH,D,Malware
94.25919703797541,96548,16127,OTH,D,Malware
9.025589952638795,2480,5805,SF,ShADadfF,Normal
8.037969097513459,2060,18404,SF,ShADadfF,Normal
35.774478944349326,99115,25531,OTH,D,Malware
2984.3528330948243,118,132,S1,ShAdDaf,C&C
0.9856217264734565,4928,4278,SF,ShADadfF,Normal
1.1657382781446477,1452,17574,SF,ShADadfF,Normal
2.5621990506332804,319,9476,SF,ShADadfF,Normal
3.9107588908364854,4321,7577,SF,ShADadfF,Normal
0.38451845467711326,992,0,S0,S,Mirai
0.05002394566729407,1144,0,S0,S,Mirai
1.1712378008200857,788,12963,SF,ShADadfF,Normal
6.7641991119480505,65028,32811,OTH,D,Malware
11.957366069332723,74533,40824,OTH,D,Malware
0.30801281748988024,1225,0,S0,S,Mirai
7.3320045308917745,2484,10532,SF,ShADadfF,Normal
0.2354867579394961,891,0,S0,S,Mirai
0.48007287471114124,1091,0,S0,S,Mirai
12.328023731190276,87738,42519,OTH,D,Malware
2500.169280407584,486,509,S1,ShAdDaf,C&C
8.14724251929288,144,3710,SF,ShADadfF,Normal
7.058080196809126,3618,5373,SF,ShADadfF,Normal
0.06927621458998835,621,0,S0,S,Mirai
3.5958504889388796,355,4194,SF,ShADadfF,Normal
7.448704226219466,3312,219,SF,ShADadfF,Normal
92.54568071035902,43400,35310,OTH,D,Malware
1.944369281486061,4919,15761,SF,ShADadfF,Normal
7.362300265295151,113,6154,SF,ShADadfF,Normal
8.557054995797627,4309,270,SF,ShADadfF,Normal
84.31415656097978,26977,47209,OTH,D,Malware
3503.4780704759382,746,264,S1,ShAdDaf,C&C
0.3478399866523998,1169,0,S0,S,Mirai
7.412588522518784,854,14115,SF,ShADadfF,Normal
93.80569470552673,76876,30957,OTH,D,Malware
0.1740488045323115,1050,0,S0,S,Mirai
2694.8769748247305,564,115,S1,ShAdDaf,C&C
0.4021805055896048,978,0,S0,S,Mirai
2.949407509063109,1945,9376,SF,ShADadfF,Normal
7.049648544772716,3670,19825,SF,ShADadfF,Normal
2444.2557083323827,317,912,S1,ShAdDaf,C&C
1.0926403574038748,4207,14124,SF,ShADadfF,Normal
0.4769223505307057,819,0,S0,S,Mirai
0.1382830771599943,1159,0,S0,S,Mirai
792.7658890751542,141,350,S1,ShAdDaf,C&C
94.75395057504447,82895,35680,OTH,D,Malware
0.28575245203066835,688,0,S0,S,Mirai
7.935096346001335,1606,10996,SF,ShADadfF,Normal
7.668038486907377,1804,16645,SF,ShADadfF,Normal
45.177288124449184,55764,28788,OTH,D,Malware
84.30974560299074,37657,10569,OTH,D,Malware
0.1289558764775302,1309,0,S0,S,Mirai
0.4284675039295692,746,0,S0,S,Mirai
6.201041667720719,556,3638,SF,ShADadfF,Normal
5.185649534702729,4999,7932,SF,ShADadfF,Normal
0.15928405390916014,1101,0,S0,S,Mirai
49.101295501904936,13926,25904,OTH,D,Malware
0.4449208157149563,1045,0,S0,S,Mirai
3492.8678185031927,358,336,S1,ShAdDaf,C&C
0.48502499773391083,1123,0,S0,S,Mirai
1456.480132255021,155,725,S1,ShAdDaf,C&C
2.016442578286105,3591,16936,SF,ShADadfF,Normal
0.3537241972476386,1103,0,S0,S,Mirai
6.566583345717285,1097,14795,SF,ShADadfF,Normal
21.22114273659092,42905,25589,OTH,D,Malware
1.9386495271191433,3878,19206,SF,ShADadfF,Normal
53.58196292289432,16397,7320,OTH,D,Malware
0.28170289094832535,1446,0,S0,S,Mirai
0.36838098010182135,1042,0,S0,S,Mirai
1.0623362038151605,1996,14029,SF,ShADadfF,Normal
390.10385316645545,152,138,S1,ShAdDaf,C&C
1324.4602879641404,516,345,S1,ShAdDaf,C&C
0.27533047930604637,1457,0,S0,S,Mirai
0.3384019041567072,766,0,S0,S,Mirai
650.011428980149,822,135,S1,ShAdDaf,C&C
96.37346331580623,7552,33091,OTH,D,Malware
1.3314252718001123,4828,1527,SF,ShADadfF,Normal
52.04889824929798,92989,42901,OTH,D,Malware
17.24977192818396,11496,45175,OTH,D,Malware
5.34665532853562,3772,943,SF,ShADadfF,Normal
0.4632258746067848,818,0,S0,S,Mirai
102.50587393218551,36166,32953,OTH,D,Malware
0.13143036518290768,531,0,S0,S,Mirai
97.92815947098114,17657,17536,OTH,D,Malware
48.9106337304582,30415,29574,OTH,D,Malware
0.2823449942654588,1194,0,S0,S,Mirai
0.6025165869416653,1902,17032,SF,ShADadfF,Normal
2.626444114097168,3231,2714,SF,ShADadfF,Normal
11.165506454158974,37446,11779,OTH,D,Malware
78.20854750313906,70044,34292,OTH,D,Malware
0.18316603793868996,1411,0,S0,S,Mirai
8.889849335642479,1170,7976,SF,ShADadfF,Normal
1578.187202700077,323,231,S1,ShAdDaf,C&C
1381.155278849725,647,630,S1,ShAdDaf,C&C
0.3180555254466663,878,0,S0,S,Mirai
47.25305236760286,34401,45289,OTH,D,Malware
6.51917672593683,4633,13508,SF,ShADadfF,Normal
0.28875808428839894,1444,0,S0,S,Mirai
5.540677832849397,2026,18412,SF,ShADadfF,Normal
118.79336278726186,91545,13318,OTH,D,Malware
6.321248261962737,4313,3664,SF,ShADadfF,Normal
0.43639145919154865,1109,0,S0,S,Mirai
5.881394380062695,3986,2158,SF,ShADadfF,Normal
1.860637549014323,3604,19673,SF,ShADadfF,Normal
0.4283317980072234,798,0,S0,S,Mirai
6.5653321980633015,317,15407,SF,ShADadfF,Normal
2877.486072377507,892,656,S1,ShAdDaf,C&C
2.009364942552905,4496,12779,SF,ShADadfF,Normal
8.754421788428566,627,7227,SF,ShADadfF,Normal
73.84139576334435,98352,30890,OTH,D,Malware
6.378767417459675,1844,9799,SF,ShADadfF,Normal
1894.9771531024583,351,743,S1,ShAdDaf,C&C
0.07538690861313815,1252,0,S0,S,Mirai
8.562195726040363,3424,16805,SF,ShADadfF,Normal
2.7732524108593,3779,5901,SF,ShADadfF,Normal
0.07618863164184145,938,0,S0,S,Mirai
0.09532798472058232,1346,0,S0,S,Mirai
0.434401923013787,765,0,S0,S,Mirai
0.19339039502762348,1473,0,S0,S,Mirai
63.63392542703833,29579,4259,OTH,D,Malware
8.721329673637687,4869,5957,SF,ShADadfF,Normal
8.657718568665256,2338,1547,SF,ShADadfF,Normal
7.466379247871859,4536,16329,SF,ShADadfF,Normal
8.689768818446723,1732,12820,SF,ShADadfF,Normal
2559.324928735099,169,811,S1,ShAdDaf,C&C
18.14390411220077,13897,26855,OTH,D,Malware
5.469403871931338,4846,14314,SF,ShADadfF,Normal
0.35757115517337634,666,0,S0,S,Mirai
2.975619388392302,3146,3342,SF,ShADadfF,Normal
0.18562890794720302,1160,0,S0,S,Mirai
8.255634421770614,3483,19061,SF,ShADadfF,Normal
0.023011157950691374,1454,0,S0,S,Mirai
1.9736500066264837,872,17604,SF,ShADadfF,Normal
1.3550257796167129,2753,11880,SF,ShADadfF,Normal
0.37027595762742926,1212,0,S0,S,Mirai
62.69189240736935,69996,29696,OTH,D,Malware
5.777540887466189,2260,15871,SF,ShADadfF,Normal
0.37379704760963567,1320,0,S0,S,Mirai
0.1202059634542795,1053,0,S0,S,Mirai
6.033143298552941,4637,10724,SF,ShADadfF,Normal
310.60626570246103,526,501,S1,ShAdDaf,C&C
2103.5493321945714,799,390,S1,ShAdDaf,C&C
118.15762273918115,67491,15194,OTH,D,Malware
0.4285414589001534,580,0,S0,S,Mirai
2235.1970301686447,723,986,S1,ShAdDaf,C&C
27.260659098970716,80472,8080,OTH,D,Malware
0.25610466743953053,1110,0,S0,S,Mirai
0.19027380713511183,578,0,S0,S,Mirai
5.332544423871961,2512,9225,SF,ShADadfF,Normal
0.9155803000077042,1790,19649,SF,ShADadfF,Normal
0.4994493241821296,653,0,S0,S,Mirai
0.9090244181039161,4905,18470,SF,ShADadfF,Normal
0.32253069321423616,1380,0,S0,S,Mirai
9.82959010503335,3008,18130,SF,ShADadfF,Normal
1.5515845402781143,2286,17132,SF,ShADadfF,Normal
2.055813105127649,1125,11271,SF,ShADadfF,Normal
116.85957810672365,9589,7190,OTH,D,Malware
5.421229782038593,2575,11495,SF,ShADadfF,Normal
0.1874291531935607,1082,0,S0,S,Mirai
98.09112292053366,76401,41667,OTH,D,Malware
4.610309607160811,2168,13318,SF,ShADadfF,Normal
112.03819277495319,59285,20033,OTH,D,Malware
0.34457772192228514,1134,0,S0,S,Mirai
2314.98412839286,756,801,S1,ShAdDaf,C&C
4.8673177121461695,1680,1145,SF,ShADadfF,Normal
0.3323010943200886,1095,0,S0,S,Mirai
0.25858473728301834,1031,0,S0,S,Mirai
0.14674164691382213,553,0,S0,S,Mirai
3372.58546075634,768,225,S1,ShAdDaf,C&C
9.090791898666685,2269,12668,SF,ShADadfF,Normal
21.256283662306274,99021,35091,OTH,D,Malware
1.5595792608299848,1077,10470,SF,ShADadfF,Normal
0.25532581009502825,1236,0,S0,S,Mirai
112.29185197870248,7700,37347,OTH,D,Malware
5.150937850572022,4339,12232,SF,ShADadfF,Normal
7.828969163196777,3919,16198,SF,ShADadfF,Normal
0.19567984401249175,969,0,S0,S,Mirai
0.4056437181483289,1352,0,S0,S,Mirai
0.39376970733482086,1435,0,S0,S,Mirai
77.99016996639631,21749,19024,OTH,D,Malware
715.5476745037838,211,256,S1,ShAdDaf,C&C
0.23850635138522933,1448,0,S0,S,Mirai
0.251606317758556,1223,0,S0,S,Mirai
0.19981692309549964,525,0,S0,S,Mirai
8.377630217546084,989,10185,SF,ShADadfF,Normal
2681.671642617339,90,475,S1,ShAdDaf,C&C
0.10037164080142305,515,0,S0,S,Mirai
7.634638902942843,86682,48631,OTH,D,Malware
326.7648253184587,52,533,S1,ShAdDaf,C&C
107.17969218823669,8689,16689,OTH,D,Malware
946.1107495144472,309,334,S1,ShAdDaf,C&C
46.36920125257595,10460,30873,OTH,D,Malware
8.398859345561222,2385,6631,SF,ShADadfF,Normal
0.8428169412443465,1902,5369,SF,ShADadfF,Normal
8.010450352599827,3885,10380,SF,ShADadfF,Normal
0.07197184891490928,979,0,S0,S,Mirai
0.4604324391979546,1356,0,S0,S,Mirai
0.23401856398980667,546,0,S0,S,Mirai
0.24717709586888478,797,0,S0,S,Mirai
0.2623633508433233,1707,928,SF,ShADadfF,Normal
86.3710559240742,30599,20480,OTH,D,Malware
0.3663652350582479,825,0,S0,S,Mirai
0.47791044336828115,764,0,S0,S,Mirai
40.284299222620184,88327,24080,OTH,D,Malware
0.2593634025587446,1212,0,S0,S,Mirai
9.797619654918146,1803,17620,SF,ShADadfF,Normal
50.256557646238726,62282,2730,OTH,D,Malware
2206.677702593227,875,438,S1,ShAdDaf,C&C
0.17801542997811087,941,0,S0,S,Mirai
996.3217225059349,137,919,S1,ShAdDaf,C&C
0.3663118186490312,1491,0,S0,S,Mirai
286.79701925031986,765,721,S1,ShAdDaf,C&C
0.12705711654617607,1043,0,S0,S,Mirai
0.23447298908047298,861,4510,SF,ShADadfF,Normal
115.83403884965219,94127,44026,OTH,D,Malware
0.18516794113374782,1098,0,S0,S,Mirai
1.0319535357397709,4626,7228,SF,ShADadfF,Normal
2.082650007379433,2999,17090,SF,ShADadfF,Normal
4.716881758786061,1579,11723,SF,ShADadfF,Normal
2795.0564974853446,236,433,S1,ShAdDaf,C&C
42.21541190339121,62248,48045,OTH,D,Malware
0.2593877389141636,1099,0,S0,S,Mirai
0.026101889721429836,851,0,S0,S,Mirai
0.37250781032123326,323,7346,SF,ShADadfF,Normal
8.263164392904393,4137,12900,SF,ShADadfF,Normal
0.04614999717892429,749,0,S0,S,Mirai
0.14505436768958951,1418,0,S0,S,Mirai
56.03269849016637,20328,1960,OTH,D,Malware
0.25302355125075277,1355,0,S0,S,Mirai
0.7906817004034148,1985,14557,SF,ShADadfF,Normal
12.499853960301843,25150,49405,OTH,D,Malware
2926.6102351143845,834,723,S1,ShAdDaf,C&C
6.421059828055883,3737,8496,SF,ShADadfF,Normal
938.4818568979043,895,815,S1,ShAdDaf,C&C
82.35699060905253,29921,16987,OTH,D,Malware
52.42553558441163,84509,10356,OTH,D,Malware
1692.177307276537,641,712,S1,ShAdDaf,C&C
0.044998015309202964,1374,0,S0,S,Mirai
377.3259784633129,270,706,S1,ShAdDaf,C&C
0.28935207593773277,795,0,S0,S,Mirai
20.34345877574339,94288,31707,OTH,D,Malware
0.3236555842872751,947,0,S0,S,Mirai
68.88188717204929,80570,7022,OTH,D,Malware
9.799736193786801,27190,42902,OTH,D,Malware
95.75374578766149,93666,20429,OTH,D,Malware
88.07103020396254,43010,49214,OTH,D,Malware
0.03637330532912416,518,0,S0,S,Mirai
88.33008519048519,24598,8399,OTH,D,Malware
2.3728898628588277,2657,19351,SF,ShADadfF,Normal
0.3659379049101962,1359,0,S0,S,Mirai
1115.6392847769077,632,240,S1,ShAdDaf,C&C
5.176266524884151,4339,936,SF,ShADadfF,Normal
70.31096850735545,51497,39711,OTH,D,Malware
0.1316198336151601,828,0,S0,S,Mirai
9.359752165752024,3677,13247,SF,ShADadfF,Normal
7.447322753888356,4088,16571,SF,ShADadfF,Normal
0.01948976491722188,1340,0,S0,S,Mirai
3481.4641285311377,321,410,S1,ShAdDaf,C&C
0.09192525254768584,1425,0,S0,S,Mirai
1364.9506294845335,97,770,S1,ShAdDaf,C&C
0.298789686004843,1114,0,S0,S,Mirai
104.69723702644912,92006,23181,OTH,D,Malware
0.265248127933308,538,0,S0,S,Mirai
0.43862399110689787,1349,0,S0,S,Mirai
2890.865936036004,333,106,S1,ShAdDaf,C&C
1354.6796110623645,296,949,S1,ShAdDaf,C&C
1144.898115195396,94,783,S1,ShAdDaf,C&C
0.48199161842214844,4478,11682,SF,ShADadfF,Normal
17.901931835340065,31701,10994,OTH,D,Malware
3175.8109146404936,234,676,S1,ShAdDaf,C&C
8.358731439311907,824,6551,SF,ShADadfF,Normal
7.757266818070049,3072,15756,SF,ShADadfF,Normal
0.1314864992730333,905,0,S0,S,Mirai
0.4743546432255988,1055,0,S0,S,Mirai
0.018870149159033695,555,0,S0,S,Mirai
0.11810505347532115,986,0,S0,S,Mirai
48.57093203403272,26164,31010,OTH,D,Malware
401.23536765800543,552,654,S1,ShAdDaf,C&C
1597.6189258754591,507,821,S1,ShAdDaf,C&C
78.51251547562855,84001,10143,OTH,D,Malware
2696.368868833751,581,109,S1,ShAdDaf,C&C
5.352066711896539,4296,4616,SF,ShADadfF,Normal
388.5425381927839,848,788,S1,ShAdDaf,C&C
9.18974186085854,1872,12824,SF,ShADadfF,Normal
58.04907077174453,71814,36301,OTH,D,Malware
3264.3791665461863,799,859,S1,ShAdDaf,C&C
0.1234933495490941,816,0,S0,S,Mirai
0.3756170785391679,1385,0,S0,S,Mirai
2964.357927146343,318,353,S1,ShAdDaf,C&C
13.698186596936479,84265,46728,OTH,D,Malware
2098.4413270294303,557,329,S1,ShAdDaf,C&C
0.39377195481159416,1340,0,S0,S,Mirai
9.578988305844392,802,11280,SF,ShADadfF,Normal
1612.9144164166887,554,126,S1,ShAdDaf,C&C
0.3148676537069299,1426,0,S0,S,Mirai
0.21778936715519007,1053,0,S0,S,Mirai
0.05562184210945451,514,0,S0,S,Mirai
1.4257752794675138,1683,14461,SF,ShADadfF,Normal
0.1639711719232173,520,16630,SF,ShADadfF,Normal
59.57545957850789,11283,10604,OTH,D,Malware
113.61300314572877,71982,33486,OTH,D,Malware
0.07354383998804719,786,0,S0,S,Mirai
25.259770414771435,51113,10741,OTH,D,Malware
9.275174047770612,548,17482,SF,ShADadfF,Normal
110.75495311842921,77760,5269,OTH,D,Malware
0.17874429872298164,1285,0,S0,S,Mirai
0.2672495884167608,1495,0,S0,S,Mirai
66.86722012683316,45013,9695,OTH,D,Malware
8.31073620879198,3324,14147,SF,ShADadfF,Normal
1976.3943593052086,383,185,S1,ShAdDaf,C&C
0.031243962362290913,1349,0,S0,S,Mirai
6.226731950629559,1000,3183,SF,ShADadfF,Normal
325.2337669498576,620,444,S1,ShAdDaf,C&C
523.3122673017738,263,674,S1,ShAdDaf,C&C
2675.011124841134,93,630,S1,ShAdDaf,C&C
0.4150474414872799,847,0,S0,S,Mirai
2.3723630217205787,1758,19036,SF,ShADadfF,Normal
2180.0985647796256,737,845,S1,ShAdDaf,C&C
8.529610848666666,1178,12265,SF,ShADadfF,Normal
0.03286658469940422,1390,0,S0,S,Mirai
1.4938209986646132,3907,16722,SF,ShADadfF,Normal
9.649532762640131,1232,13690,SF,ShADadfF,Normal
0.3798542507989866,765,0,S0,S,Mirai
1.600107523802129,860,15705,SF,ShADadfF,Normal
1953.2833436990643,561,494,S1,ShAdDaf,C&C
44.31685857581486,79906,4474,OTH,D,Malware
6.0214281288700775,4711,3663,SF,ShADadfF,Normal
50.96088095064915,76954,15667,OTH,D,Malware
1310.96370749004,398,458,S1,ShAdDaf,C&C
1298.8905770720178,910,464,S1,ShAdDaf,C&C
3341.0407015757946,383,223,S1,ShAdDaf,C&C
0.02759886250789169,788,0,S0,S,Mirai
3.2920366629987114,4709,13650,SF,ShADadfF,Normal
4.244651225497626,1415,4058,SF,ShADadfF,Normal
27.752481877002793,30299,44700,OTH,D,Malware
3284.007038595615,573,888,S1,ShAdDaf,C&C
0.4481435671643813,673,0,S0,S,Mirai
3.1958473579761453,3999,5423,SF,ShADadfF,Normal
5.33956115279253,2337,8641,SF,ShADadfF,Normal
309.18612505179954,563,887,S1,ShAdDaf,C&C
100.54690920303277,74398,48747,OTH,D,Malware
2944.529748322158,791,518,S1,ShAdDaf,C&C
0.9130110672265653,4436,19907,SF,ShADadfF,Normal
96.829302236879,43660,17355,OTH,D,Malware
0.47303741448921344,1132,0,S0,S,Mirai
26.877619685870922,48469,47939,OTH,D,Malware
27.652293698349904,33606,9254,OTH,D,Malware
0.2982117182122597,788,0,S0,S,Mirai
7.199437680453483,2927,8179,SF,ShADadfF,Normal
0.1906088999790069,1407,0,S0,S,Mirai
7.8112246357438275,3254,3435,SF,ShADadfF,Normal
28.67196604615446,42986,49748,OTH,D,Malware
0.04046206165822069,1492,0,S0,S,Mirai
6.818206281903157,192,13978,SF,ShADadfF,Normal
3520.2672230507173,63,973,S1,ShAdDaf,C&C
3.037373470407072,4533,6335,SF,ShADadfF,Normal
398.96161415830045,261,526,S1,ShAdDaf,C&C
0.10413941093779755,819,0,S0,S,Mirai
3.1562089700280214,4858,10633,SF,ShADadfF,Normal
9.984899356398815,3778,5455,SF,ShADadfF,Normal
1199.4452609146324,476,172,S1,ShAdDaf,C&C
3.8204241100169765,438,14211,SF,ShADadfF,Normal
1487.7453631819933,276,72,S1,ShAdDaf,C&C
0.2825694034666965,790,0,S0,S,Mirai
2193.975263009603,550,386,S1,ShAdDaf,C&C
0.20312882362498738,953,0,S0,S,Mirai
0.11550156456029795,2086,967,SF,ShADadfF,Normal
4.308777420406751,2665,2190,SF,ShADadfF,Normal
3441.5041267639235,928,78,S1,ShAdDaf,C&C
1.3420303469229486,1609,898,SF,ShADadfF,Normal
427.85437535556423,228,784,S1,ShAdDaf,C&C
3387.644874248558,575,805,S1,ShAdDaf,C&C
76.63202419891942,8347,19816,OTH,D,Malware
78.3449934603642,5250,22214,OTH,D,Malware
2834.4740288413204,266,860,S1,ShAdDaf,C&C
1721.8841611540067,675,945,S1,ShAdDaf,C&C
9.683034409711269,1784,11093,SF,ShADadfF,Normal
2937.763302285712,710,203,S1,ShAdDaf,C&C
0.3832248031278178,729,0,S0,S,Mirai
0.44797309176891903,1352,0,S0,S,Mirai
8.855855096968462,512,1368,SF,ShADadfF,Normal
0.08825794055361312,575,0,S0,S,Mirai
52.509841565562176,62574,26256,OTH,D,Malware
0.2539165309556359,906,0,S0,S,Mirai
5.278819488495779,3234,11628,SF,ShADadfF,Normal
0.02810785529240971,1117,0,S0,S,Mirai
90.19796096611944,90409,1686,OTH,D,Malware
3288.5751819721027,213,937,S1,ShAdDaf,C&C
7.440439367407141,163,6425,SF,ShADadfF,Normal
0.05587022232143497,1451,0,S0,S,Mirai
9.353121242312877,4604,2231,SF,ShADadfF,Normal
0.5997718252150458,2321,11571,SF,ShADadfF,Normal
6.18176471871719,4385,9748,SF,ShADadfF,Normal
5.8970908361122945,3562,13122,SF,ShADadfF,Normal
5.216967467032991,2821,19443,SF,ShADadfF,Normal
0.2514478486632232,1437,0,S0,S,Mirai
388.92194835574185,69,626,S1,ShAdDaf,C&C
2359.735173277246,679,499,S1,ShAdDaf,C&C
1215.8059438357552,868,740,S1,ShAdDaf,C&C
0.01397466089074633,516,0,S0,S,Mirai
4.173055716284208,469,18001,SF,ShADadfF,Normal
0.09188314471125046,1482,0,S0,S,Mirai
5.845617127515384,228,8560,SF,ShADadfF,Normal
7.3065081648559245,4319,11209,SF,ShADadfF,Normal
0.053527498506903276,1001,0,S0,S,Mirai
0.10612491510926772,1142,0,S0,S,Mirai
0.3594644927026937,1164,0,S0,S,Mirai
1090.4224198889285,201,241,S1,ShAdDaf,C&C
9.082266978484624,1691,9476,SF,ShADadfF,Normal
1.1024060157357003,1419,15845,SF,ShADadfF,Normal
0.19301457649467976,1042,0,S0,S,Mirai
7.165409636896317,4432,8642,SF,ShADadfF,Normal
864.6748335697997,179,850,S1,ShAdDaf,C&C
0.48143832254142405,679,0,S0,S,Mirai
7.8810849607396705,1969,2062,SF,ShADadfF,Normal
3.9040605938602475,2444,16882,SF,ShADadfF,Normal
2.823625557322969,454,12495,SF,ShADadfF,Normal
77.45797448769542,96706,17947,OTH,D,Malware
0.32645432814796377,931,0,S0,S,Mirai
5.761789663434878,1256,2409,SF,ShADadfF,Normal
7.038268061528039,320,7099,SF,ShADadfF,Normal
3155.6309395255116,812,818,S1,ShAdDaf,C&C
4.1358984660833755,3494,15021,SF,ShADadfF,Normal
0.06592249492879754,951,0,S0,S,Mirai
0.37999808758900966,518,0,S0,S,Mirai
2.9542529781559255,2775,8228,SF,ShADadfF,Normal
71.83093565584296,25860,25782,OTH,D,Malware
2600.132786815262,569,548,S1,ShAdDaf,C&C
4.629422298745056,3214,15904,SF,ShADadfF,Normal
117.74956689152903,783,476,S1,ShAdDaf,C&C
4.474614171722105,3730,12318,SF,ShADadfF,Normal
0.7548922336707415,2679,15239,SF,ShADadfF,Normal
117.2737539335495,94072,27446,OTH,D,Malware
5.156668677857929,1745,2744,SF,ShADadfF,Normal
1795.379410244572,96,857,S1,ShAdDaf,C&C
108.6373511221122,96042,29929,OTH,D,Malware
0.1050875423938373,622,0,S0,S,Mirai
109.88063472990265,59985,2919,OTH,D,Malware
0.30581804297907605,1075,0,S0,S,Mirai
0.24433037142845324,1056,0,S0,S,Mirai
4.89459585448889,3170,16437,SF,ShADadfF,Normal
0.3051570052023635,627,0,S0,S,Mirai
3591.2908260384497,553,775,S1,ShAdDaf,C&C
1937.156859000796,192,778,S1,ShAdDaf,C&C
2275.5925957663503,69,59,S1,ShAdDaf,C&C
0.11432911637959974,691,0,S0,S,Mirai
7.944071154038328,4107,11855,SF,ShADadfF,Normal
5.366141986192579,3705,18003,SF,ShADadfF,Normal
2552.5424455946095,556,720,S1,ShAdDaf,C&C
65.15465241166876,39860,28798,OTH,D,Malware
0.45472498939623385,693,0,S0,S,Mirai
0.25862907170698435,1235,0,S0,S,Mirai
0.11994082235065956,883,0,S0,S,Mirai
0.11401062989716847,1283,0,S0,S,Mirai
0.4189747990446718,1345,0,S0,S,Mirai
1155.052937454385,851,361,S1,ShAdDaf,C&C
117.50663996117477,38133,26957,OTH,D,Malware
7.502421300566576,3839,15238,SF,ShADadfF,Normal
0.3567793545285062,919,0,S0,S,Mirai
518.2534333913671,189,325,S1,ShAdDaf,C&C
0.34257022606872845,1329,0,S0,S,Mirai
0.4901032538821273,534,0,S0,S,Mirai
0.49078122841671373,547,0,S0,S,Mirai
0.30057501676702614,1056,0,S0,S,Mirai
11.885460714899423,42691,12821,OTH,D,Malware
5.257277063716212,445,1289,SF,ShADadfF,Normal
0.24327157025336918,1455,0,S0,S,Mirai
55.81700566244658,52520,2594,OTH,D,Malware
2.7672600712507442,4510,13384,SF,ShADadfF,Normal
0.029514269569845118,1489,0,S0,S,Mirai
88.08981967126898,15459,41178,OTH,D,Malware
4.042774597834612,2429,3281,SF,ShADadfF,Normal
0.9709039683053268,1647,19529,SF,ShADadfF,Normal
5.357271018852491,3012,13660,SF,ShADadfF,Normal
0.13755404473458674,630,0,S0,S,Mirai
9.64592694313919,812,3023,SF,ShADadfF,Normal
598.249603490022,377,360,S1,ShAdDaf,C&C
10.488547840110677,23558,21591,OTH,D,Malware
924.5894312590824,73,304,S1,ShAdDaf,C&C
7.697049474843478,2770,17168,SF,ShADadfF,Normal
0.9636209049907681,1241,15188,SF,ShADadfF,Normal
73.43612644435312,41601,38953,OTH,D,Malware
29.676885038111124,80555,27868,OTH,D,Malware
2571.4379458059957,365,320,S1,ShAdDaf,C&C
646.761393047101,212,371,S1,ShAdDaf,C&C
7.813065064536776,4693,8655,SF,ShADadfF,Normal
0.3739585573451507,896,0,S0,S,Mirai
38.79521227284895,18785,26326,OTH,D,Malware
0.23633554455523811,830,0,S0,S,Mirai
0.09665558715315314,557,0,S0,S,Mirai
6.842593560767456,1584,10363,SF,ShADadfF,Normal
0.2339911242609755,637,0,S0,S,Mirai
0.4707830005852424,1153,0,S0,S,Mirai
0.4840570868306674,1421,0,S0,S,Mirai
1365.1795802804074,348,433,S1,ShAdDaf,C&C
0.4148218047914168,1152,0,S0,S,Mirai
0.32492174441805516,775,0,S0,S,Mirai
49.083004005838475,58132,12918,OTH,D,Malware
0.11078342760212626,1127,0,S0,S,Mirai
875.5424956581825,672,293,S1,ShAdDaf,C&C
461.2193758437129,522,533,S1,ShAdDaf,C&C
39.71967355827237,10562,28872,OTH,D,Malware
1473.39115254637,538,400,S1,ShAdDaf,C&C
87.85721879494392,51970,11950,OTH,D,Malware
0.4168905621507066,844,0,S0,S,Mirai
3.9422525688614294,2911,1940,SF,ShADadfF,Normal
0.34642798073401865,1442,0,S0,S,Mirai
3237.7642994746175,78,387,S1,ShAdDaf,C&C
97.29123909708865,10330,20197,OTH,D,Malware
0.45868076931785345,1300,0,S0,S,Mirai
3.357948280757531,704,397,SF,ShADadfF,Normal
0.4002355790181402,1650,19931,SF,ShADadfF,Normal
107.05078134968129,53715,15204,OTH,D,Malware
11.912230443052074,55895,29904,OTH,D,Malware
426.0238900122774,294,55,S1,ShAdDaf,C&C
0.0884995883895992,1270,0,S0,S,Mirai
107.56788226352771,39676,21316,OTH,D,Malware
26.26986017532265,99608,32448,OTH,D,Malware
0.20082298528585188,1164,0,S0,S,Mirai
3014.1723857962147,781,943,S1,ShAdDaf,C&C
15.447293172027097,21556,34742,OTH,D,Malware
0.2656347752882818,735,0,S0,S,Mirai
1292.7658140681974,837,647,S1,ShAdDaf,C&C
1.8068164579708152,825,8577,SF,ShADadfF,Normal
0.25988525085459946,802,0,S0,S,Mirai
71.17214103926462,16213,43783,OTH,D,Malware
0.028843643500496285,670,0,S0,S,Mirai
0.30736061461167713,1392,0,S0,S,Mirai
1419.2787639939747,731,962,S1,ShAdDaf,C&C
9.216961044912825,1446,1619,SF,ShADadfF,Normal
7.520560713654172,4332,3913,SF,ShADadfF,Normal
0.04995460987274375,755,0,S0,S,Mirai
0.4197406363560708,645,0,S0,S,Mirai
2463.5945491676403,299,474,S1,ShAdDaf,C&C
47.62552871914153,46340,11032,OTH,D,Malware
68.09834374536584,84199,9051,OTH,D,Malware
196.97755546107356,93,645,S1,ShAdDaf,C&C
107.26521894628218,36355,48232,OTH,D,Malware
0.22775066001997218,1093,0,S0,S,Mirai
26.93717084535831,91441,33583,OTH,D,Malware
2207.3194027279205,978,638,S1,ShAdDaf,C&C
0.5412165351135244,2276,2860,SF,ShADadfF,Normal
2.3293438765027625,3260,8081,SF,ShADadfF,Normal
0.017564238193923935,1423,0,S0,S,Mirai
0.029322084187260337,1188,0,S0,S,Mirai
0.06371598811236724,940,0,S0,S,Mirai
2360.5033905028336,121,96,S1,ShAdDaf,C&C
0.15388525476419745,1001,0,S0,S,Mirai
0.4121359334867857,500,0,S0,S,Mirai
2.948019782126651,315,4550,SF,ShADadfF,Normal
0.4390964887820585,1219,0,S0,S,Mirai
0.11043106245124013,624,0,S0,S,Mirai
2849.5253368632357,112,768,S1,ShAdDaf,C&C
2884.1450260158904,630,918,S1,ShAdDaf,C&C
9.229460621286487,51152,41068,OTH,D,Malware
0.48377576825826457,839,0,S0,S,Mirai
0.3590216326413244,1353,0,S0,S,Mirai
6.692857879821695,4675,7958,SF,ShADadfF,Normal
2.8234172547801886,1422,16423,SF,ShADadfF,Normal
4.417874961108701,4450,8187,SF,ShADadfF,Normal
0.39805099867034804,1336,0,S0,S,Mirai
9.599257233201016,2408,10985,SF,ShADadfF,Normal
1.3283966823538036,4096,18930,SF,ShADadfF,Normal
0.23400453716744946,1274,0,S0,S,Mirai
9.00713108569432,2452,17098,SF,ShADadfF,Normal
0.42040248133360963,1214,0,S0,S,Mirai
25.402236847783993,27179,28928,OTH,D,Malware
3437.011773743478,315,785,S1,ShAdDaf,C&C
0.3389904798574313,787,0,S0,S,Mirai
2259.4297849656837,961,149,S1,ShAdDaf,C&C
96.47110918308545,31519,29707,OTH,D,Malware
0.3210463984049781,665,0,S0,S,Mirai
2.3989574077803075,4573,3413,SF,ShADadfF,Normal
770.6736137788498,615,645,S1,ShAdDaf,C&C
1740.9333182927805,378,70,S1,ShAdDaf,C&C
1706.802744846982,185,746,S1,ShAdDaf,C&C
3.220677307943844,3232,14105,SF,ShADadfF,Normal
154.14716574517416,977,245,S1,ShAdDaf,C&C
7.649970460546779,1627,12792,SF,ShADadfF,Normal
8.709224915970301,3877,9235,SF,ShADadfF,Normal
104.47947463535708,31471,16473,OTH,D,Malware
741.0603884955966,258,330,S1,ShAdDaf,C&C
0.19486928160299288,1181,0,S0,S,Mirai
0.046314935044565644,728,0,S0,S,Mirai
3558.1533868382267,649,365,S1,ShAdDaf,C&C
40.753197037544645,30125,4591,OTH,D,Malware
2841.145678293081,393,341,S1,ShAdDaf,C&C
103.38874538800367,47593,16176,OTH,D,Malware
3092.5340057169124,981,577,S1,ShAdDaf,C&C
4.110161163568286,4028,6312,SF,ShADadfF,Normal
4.446734948416825,4993,14171,SF,ShADadfF,Normal
63.68669977105731,77273,14703,OTH,D,Malware
1.267394253813313,4398,14411,SF,ShADadfF,Normal
623.8057823954343,886,837,S1,ShAdDaf,C&C
0.2396623021492883,1122,0,S0,S,Mirai
0.3523695928126326,928,0,S0,S,Mirai
0.1915762721105329,811,0,S0,S,Mirai
35.69312077261806,30805,8520,OTH,D,Malware
3455.616785097218,314,873,S1,ShAdDaf,C&C
30.920412146568697,7229,16966,OTH,D,Malware
8.873636345770096,1493,5648,SF,ShADadfF,Normal
6.906869593879978,3413,12320,SF,ShADadfF,Normal
0.04199116207223354,529,0,S0,S,Mirai
0.17360826154632567,1008,0,S0,S,Mirai
918.6432901400897,598,892,S1,ShAdDaf,C&C
0.13182110306735048,676,0,S0,S,Mirai
3549.686122535539,786,245,S1,ShAdDaf,C&C
0.4289527441731883,509,0,S0,S,Mirai
1402.043780121562,680,682,S1,ShAdDaf,C&C
0.07400383554288276,1089,0,S0,S,Mirai
3340.090854374133,505,137,S1,ShAdDaf,C&C
0.2082404607697163,1428,0,S0,S,Mirai
0.2708123718130405,1107,0,S0,S,Mirai
0.257334443510017,712,0,S0,S,Mirai
0.20932469446611626,839,0,S0,S,Mirai
1712.4516874588141,266,871,S1,ShAdDaf,C&C
0.3143264068622962,522,0,S0,S,Mirai
26.782943489790085,21989,43141,OTH,D,Malware
0.013317292232663133,1286,0,S0,S,Mirai
0.47586195997411385,1027,0,S0,S,Mirai
66.61013285947817,90038,38480,OTH,D,Malware
0.46939590053677105,577,0,S0,S,Mirai
0.1042126691071409,548,0,S0,S,Mirai
3406.3767289474918,946,628,S1,ShAdDaf,C&C
0.5937820386412518,4418,11643,SF,ShADadfF,Normal
84.85389080518732,78478,31027,OTH,D,Malware
7.5970530440750395,1866,10346,SF,ShADadfF,Normal
15.054599361731192,11719,29212,OTH,D,Malware
4.794680007328639,2893,13810,SF,ShADadfF,Normal
4.506993848309198,1081,8281,SF,ShADadfF,Normal
105.95384803577606,52457,6994,OTH,D,Malware
2292.3054078032546,867,608,S1,ShAdDaf,C&C
0.2976375705131268,1104,0,S0,S,Mirai
0.3634012597546387,1143,0,S0,S,Mirai
0.13582425914496574,768,0,S0,S,Mirai
9.765294952396362,4339,12252,SF,ShADadfF,Normal
0.2088848088403649,694,0,S0,S,Mirai
0.24219982646870075,1275,0,S0,S,Mirai
6.754126618536931,2233,15419,SF,ShADadfF,Normal
0.1913548677038631,1194,0,S0,S,Mirai
0.16063196622007497,1458,0,S0,S,Mirai
2590.2882074144504,296,81,S1,ShAdDaf,C&C
0.1068489556493987,573,0,S0,S,Mirai
106.52639167721279,67244,18875,OTH,D,Malware
2.716231541849045,150,17550,SF,ShADadfF,Normal
4.5707502201309085,4582,10775,SF,ShADadfF,Normal
70.27152169933045,26078,7915,OTH,D,Malware
0.017718797203228283,1045,0,S0,S,Mirai
0.4272271155795869,538,0,S0,S,Mirai
56.48373508382723,6889,31978,OTH,D,Malware
100.17002616376762,96307,8300,OTH,D,Malware
593.3841451717335,370,809,S1,ShAdDaf,C&C
1121.3015257953384,425,442,S1,ShAdDaf,C&C
2.8272297491808565,3201,13018,SF,ShADadfF,Normal
3.374072179275973,2928,19423,SF,ShADadfF,Normal
1.8222895739918952,2512,8114,SF,ShADadfF,Normal
3.9002870855789964,2058,1516,SF,ShADadfF,Normal
0.3785470250706657,1274,0,S0,S,Mirai
0.47044721338125367,1418,0,S0,S,Mirai
56.24772126830702,70496,14299,OTH,D,Malware
1891.2321581255123,459,792,S1,ShAdDaf,C&C
3063.0814134343555,536,190,S1,ShAdDaf,C&C
105.52673499245883,81251,40758,OTH,D,Malware
9.480812081961183,624,6761,SF,ShADadfF,Normal
68.38816410442699,26769,21889,OTH,D,Malware
0.4103756285420481,1380,0,S0,S,Mirai
0.33781785961022665,1172,0,S0,S,Mirai
4.876781250295485,1343,14995,SF,ShADadfF,Normal
79.16742830940689,17176,14953,OTH,D,Malware
6.179717214152026,2990,15486,SF,ShADadfF,Normal
2294.663322219607,439,338,S1,ShAdDaf,C&C
2759.131807056104,905,275,S1,ShAdDaf,C&C
6.892990363125647,1475,15228,SF,ShADadfF,Normal
3457.9754019405545,195,754,S1,ShAdDaf,C&C
0.1732314488334081,641,0,S0,S,Mirai
1250.4987646544591,841,203,S1,ShAdDaf,C&C
7.988490183120036,461,6976,SF,ShADadfF,Normal
104.53323613241945,45896,23851,OTH,D,Malware
8.515477019046271,2374,8393,SF,ShADadfF,Normal
68.44083156059725,23425,7722,OTH,D,Malware
91.15062398039974,8294,49622,OTH,D,Malware
0.20011755571345133,1031,0,S0,S,Mirai
26.058753965273812,5210,43026,OTH,D,Malware
6.187469524607855,3705,1649,SF,ShADadfF,Normal
105.52919470794423,92573,31409,OTH,D,Malware
35.24777228545443,97856,25086,OTH,D,Malware
656.8734706543063,773,275,S1,ShAdDaf,C&C
0.35235661869099616,1231,0,S0,S,Mirai
0.4336269423923066,745,0,S0,S,Mirai
0.41286639039953316,528,0,S0,S,Mirai
0.38824635689232995,1335,0,S0,S,Mirai
4.58121384115484,3547,13842,SF,ShADadfF,Normal
1.6387676048221917,2446,799,SF,ShADadfF,Normal
316.6713812718993,86,406,S1,ShAdDaf,C&C
0.11470953715893632,763,0,S0,S,Mirai
9.440480186060698,918,5626,SF,ShADadfF,Normal
9.083883776463072,16534,46604,OTH,D,Malware
0.1115795721741151,1372,0,S0,S,Mirai
1347.964924404982,409,847,S1,ShAdDaf,C&C
3.803896524317731,1867,18331,SF,ShADadfF,Normal
32.44481847416922,78745,10514,OTH,D,Malware
7.421809629232901,4625,11285,SF,ShADadfF,Normal
9.671839782339429,2214,14082,SF,ShADadfF,Normal
90.96924291926615,18491,23064,OTH,D,Malware
1489.4697401665767,532,277,S1,ShAdDaf,C&C
3518.072526491904,916,969,S1,ShAdDaf,C&C
54.02667253037478,68033,46551,OTH,D,Malware
0.24478104344663246,1469,0,S0,S,Mirai
0.14545031735914715,1061,0,S0,S,Mirai
0.05887211430588957,1169,0,S0,S,Mirai
108.95681960248349,62041,45770,OTH,D,Malware
0.6635657101790032,2161,14206,SF,ShADadfF,Normal
107.88271076799268,88987,42655,OTH,D,Malware
2004.423893032283,926,109,S1,ShAdDaf,C&C
0.038977513945973215,713,0,S0,S,Mirai
9.362927822421414,2195,6038,SF,ShADadfF,Normal
713.8528193843678,255,835,S1,ShAdDaf,C&C
0.3157194809278149,1100,0,S0,S,Mirai
2524.928234786385,749,284,S1,ShAdDaf,C&C
36.470478078437395,91172,45340,OTH,D,Malware
0.1873485581088897,3703,10078,SF,ShADadfF,Normal
1.0481297299397223,840,16490,SF,ShADadfF,Normal
2885.5527907069277,729,799,S1,ShAdDaf,C&C
3.725210687870569,4724,6575,SF,ShADadfF,Normal
84.19034433771341,77112,20100,OTH,D,Malware
2307.0494288985674,469,407,S1,ShAdDaf,C&C
0.2865890605898479,651,0,S0,S,Mirai
79.79257614900263,96374,44042,OTH,D,Malware
0.02150846402927267,1495,0,S0,S,Mirai
635.1391308840925,675,272,S1,ShAdDaf,C&C
2.9876104566028565,4381,11764,SF,ShADadfF,Normal
35.67220174662326,58220,46394,OTH,D,Malware
0.15729220408845962,865,0,S0,S,Mirai
1.998838798840566,4789,18556,SF,ShADadfF,Normal
4.725841519407013,152,19021,SF,ShADadfF,Normal
3039.722142554651,457,965,S1,ShAdDaf,C&C
530.0931250658389,626,467,S1,ShAdDaf,C&C
3467.4006690753627,87,819,S1,ShAdDaf,C&C
118.37551942861344,59472,24234,OTH,D,Malware
3.2422736051074916,3367,19565,SF,ShADadfF,Normal
2009.0046949886682,161,891,S1,ShAdDaf,C&C
12.336604967103654,19470,30621,OTH,D,Malware
0.4106823872282679,1187,0,S0,S,Mirai
0.10274167933539047,862,0,S0,S,Mirai
3.663163912251442,1388,17742,SF,ShADadfF,Normal
0.46445944795904354,686,0,S0,S,Mirai
6.258646927349889,3713,2386,SF,ShADadfF,Normal
8.89744021137015,3803,3090,SF,ShADadfF,Normal
14.804365313040497,5701,10142,OTH,D,Malware
53.23707647928494,85692,44618,OTH,D,Malware
0.19199933583728096,4895,2825,SF,ShADadfF,Normal
0.49065471833255403,677,0,S0,S,Mirai
119.76094852604463,90412,27934,OTH,D,Malware
95.48720956867652,12683,15257,OTH,D,Malware
0.3605496248971391,1278,0,S0,S,Mirai
0.0789697740947992,765,0,S0,S,Mirai
50.614567761933195,43224,12316,OTH,D,Malware
0.31500656929427173,741,0,S0,S,Mirai
9.782711341602727,806,7764,SF,ShADadfF,Normal
3.015380676552872,4336,19985,SF,ShADadfF,Normal
0.17942672451778485,1005,0,S0,S,Mirai
6.753883594826269,2402,13999,SF,ShADadfF,Normal
45.87929714371785,32149,6898,OTH,D,Malware
3237.4134759370745,220,198,S1,ShAdDaf,C&C
67.31553500976375,43047,44853,OTH,D,Malware
4.744165562168875,4156,17761,SF,ShADadfF,Normal
0.07974291130190855,1125,0,S0,S,Mirai
911.8934942621382,952,692,S1,ShAdDaf,C&C
0.121242219016452,649,0,S0,S,Mirai
6.756483700817305,4001,13298,SF,ShADadfF,Normal
2345.597251587317,746,162,S1,ShAdDaf,C&C
0.46027569819599107,547,0,S0,S,Mirai
2228.1178660427763,483,379,S1,ShAdDaf,C&C
7.052930891824516,4278,3294,SF,ShADadfF,Normal
22.081966313098004,30402,47233,OTH,D,Malware
0.3310803352822007,613,0,S0,S,Mirai
1.6653614244966222,4305,1231,SF,ShADadfF,Normal
3.2847111334997976,3385,6429,SF,ShADadfF,Normal
0.05510981272485427,555,0,S0,S,Mirai
0.23615567066179838,1245,0,S0,S,Mirai
8.609902286168893,828,15079,SF,ShADadfF,Normal
0.48400736344005424,505,0,S0,S,Mirai
3265.3891049075464,114,76,S1,ShAdDaf,C&C
0.42987303591217446,1066,0,S0,S,Mirai
6.774198274909205,2615,14782,SF,ShADadfF,Normal
0.38324069297694724,906,0,S0,S,Mirai
18.469301050477487,43793,47470,OTH,D,Malware
7.641053543186712,2049,9196,SF,ShADadfF,Normal
23.70440741337517,55182,39951,OTH,D,Malware
0.07077747255093485,1258,0,S0,S,Mirai
61.28342165943867,64424,12841,OTH,D,Malware
2.4088354291052623,461,16256,SF,ShADadfF,Normal
4.8927742498968945,3962,7527,SF,ShADadfF,Normal
2.681256237131142,3438,7087,SF,ShADadfF,Normal
